t_min,it_power_kw,T_air,T_rack_max,q_cooling_kw,cooling_elec_kw,total_facility_kw,pue
0.0,16.879171385160625,21.61875,22.36683892449397,32.0,8.0,24.879171385160625,1.4739569151500662
0.16666666666666666,17.373422933558352,21.381516321086785,22.57682710410357,28.94999999999999,7.237499999999997,24.61092293355835,1.4165845744778425
0.3333333333333333,15.481371096993499,21.229415955592597,22.617967653319425,27.05213056869428,6.76303264217357,22.24440373916707,1.4368497208549544
0.5,14.652370930769353,21.12143161954977,22.605892261646922,25.835327644740772,6.458831911185193,21.111202841954544,1.440804559323701
0.6666666666666666,16.658128670314728,21.03747508575247,22.629297504848516,24.971452956398167,6.242863239099542,22.90099190941427,1.374763778252266
0.8333333333333334,16.750081807602363,20.97453595680981,22.60326717192822,24.29980068601975,6.074950171504938,22.8250319791073,1.3626818209775966
1.0,16.07314279662564,20.924775285226282,22.54484880337484,23.796287654478476,5.949071913619619,22.022214710245258,1.3701249960193569
1.1666666666666667,15.717731907000005,20.8813443588392,22.5060456360227,23.398202281810256,5.849550570452564,21.56728247745257,1.372162510791231
1.3333333333333333,16.64111153544804,20.841343122870992,22.475999571690107,23.050754870713604,5.762688717678401,22.40380025312644,1.3462922957641992
1.5,16.818392386185003,20.806925879775562,22.452788465425225,22.730744982967934,5.6826862457419836,22.501078631926987,1.337885222038812
1.6666666666666667,17.134148247038514,20.77689933969195,22.424071180833593,22.4554070382045,5.613851759551125,22.74800000658964,1.3276411338696938
1.8333333333333333,17.489546382200132,20.75092287842825,22.43352147084587,22.21519471753561,5.5537986793839025,23.043345061584034,1.3175496126666981
2.0,17.00920144251895,20.728830935778483,22.35431419255702,22.007383027425988,5.501845756856497,22.511047199375447,1.3234629077355269
2.1666666666666665,15.96742197536306,20.707951321008093,22.323841646850546,21.83064748622786,5.457661871556965,21.425083846920025,1.3417998146462131
2.3333333333333335,15.7371407539918,20.685139075575783,22.29616366249031,21.66361056806474,5.415902642016185,21.153043396007988,1.34414781736272
2.5,15.841360561442206,20.661157050605496,22.21704833024863,21.481112604606267,5.370278151151567,21.211638712593775,1.3390035931776465
2.6666666666666665,17.137700608973816,20.6374418100083,22.231630626303133,21.289256404843968,5.322314101210992,22.460014710184808,1.3105617388615174
2.8333333333333335,15.575936885929917,20.618311208770074,22.185248528890728,21.09953448006641,5.2748836200166025,20.85082050594652,1.3386559446566273
3.0,16.226643340100857,20.597480114212676,22.20356003856892,20.946489670160588,5.236622417540147,21.463265757641004,1.3227175397760114
3.1666666666666665,16.7636231592559,20.578178047624053,22.152662616493267,20.779840913701406,5.1949602284253515,21.95858338768125,1.3098948347307005
3.3333333333333335,15.030498606560418,20.561774473141504,22.094280146657752,20.625424380992428,5.156356095248107,20.186854701808524,1.3430595504661098
3.5,16.249622835891266,20.542182122180527,22.07706671329913,20.494195785132035,5.123548946283009,21.373171782174275,1.315302637976704
3.6666666666666665,16.60940882105963,20.524975721565614,22.087291559974627,20.33745697744422,5.084364244361055,21.693773065420686,1.3061134986282243
3.8333333333333335,15.72871888295847,20.510552140513454,22.076433600365096,20.19980577252491,5.049951443131228,20.778670326089696,1.3210656558051066
4.0,14.379530782557632,20.495365656598725,21.98285472529552,20.08441712410763,5.021104281026908,19.400635063584538,1.3491841532908364
4.166666666666667,15.711004706046356,20.476124283493675,21.954501117574306,19.962925252789802,4.9907313131974504,20.701736019243807,1.3176583169933604
4.333333333333333,15.372997695495602,20.45912650376554,21.930902813414384,19.8089942679494,4.95224856698735,20.325246262482953,1.3221394203707189
4.5,14.601726805858274,20.44275271579173,21.899400489699122,19.673012030124312,4.918253007531078,19.51997981338935,1.3368268063718227
4.666666666666667,15.524660613457819,20.42482276640046,21.868583665983884,19.542021726333843,4.885505431583461,20.41016604504128,1.3146932195959489
4.833333333333333,17.125811898454714,20.409238819915934,21.87181998888434,19.398582131203682,4.8496455328009205,21.975457431255634,1.2831775545332547
5.0,15.539679838450901,20.400070804893787,21.872649304727165,19.273910559327476,4.818477639831869,20.35815747828277,1.3100757345018896
5.166666666666667,14.56406218101938,20.389874924447522,21.828468405954418,19.200566439150293,4.800141609787573,19.364203790806954,1.3295881018719735
5.333333333333333,14.406717547019177,20.376470228510872,21.788547179858607,19.118999395580175,4.779749848895044,19.18646739591422,1.3317723022815837
5.5,16.403980387566886,20.361192089760006,21.806240511053193,19.011761828086975,4.752940457021744,21.15692084458863,1.2897431199457026
5.666666666666667,15.851323718504949,20.35122076728944,21.82157497893647,18.889536718080052,4.722384179520013,20.573707898024963,1.297917338853352
5.833333333333333,15.856766452488717,20.34271767272906,21.80195371644,18.809766138315524,4.702441534578881,20.559207987067598,1.296557406497012
6.0,14.394788641911973,20.335233100349026,21.773778236661318,18.74174138183247,4.685435345458117,19.08022398737009,1.3254952512339062
6.166666666666667,15.208432702997182,20.32413166350325,21.768850148894543,18.681864802792205,4.670466200698051,19.878898903695234,1.3070971409024694
6.333333333333333,14.002466452884232,20.313769537157718,21.723376331552014,18.593053308025986,4.648263327006497,18.650729779890728,1.331960325893089
6.5,13.755106407394809,20.300472232476125,21.69902913967214,18.510156297261744,4.627539074315436,18.382645481710245,1.3364233570616109
6.666666666666667,14.856262481756707,20.28517883949782,21.679722150012616,18.403777859808997,4.600944464952249,19.457206946708958,1.3096973058063661
6.833333333333333,15.188904346617964,20.272459365959246,21.721620889002597,18.281430715982566,4.5703576789956415,19.759262025613605,1.3009010771743585
7.0,16.48024249810182,20.262433348646297,21.74417016332398,18.17967492767397,4.544918731918493,21.025161230020313,1.2757798456207166
7.166666666666667,15.674138360863772,20.257952523133614,21.73390374458955,18.09946678917038,4.524866697292595,20.199005058156366,1.2886836005346605
7.333333333333333,13.893135997191726,20.254179642573817,21.66935510451894,18.063620185068913,4.515905046267228,18.409041043458956,1.3250457670017803
7.5,14.57385933636657,20.245581424824707,21.617330161006482,18.033437140590536,4.508359285147634,19.082218621514205,1.3093456016758578
7.666666666666667,15.272610443513873,20.236612306486386,21.61099759747454,17.964651398597653,4.491162849649413,19.763773293163286,1.2940664836741622
7.833333333333333,13.49144688899743,20.229742565488653,21.5856631022929,17.892898451891085,4.473224612972771,17.9646715019702,1.3315600357601958
8.0,15.767070446481306,20.21887508262713,21.60756359578641,17.837940523909225,4.459485130977306,20.226555577458612,1.2828353653974138
8.166666666666666,14.07400945838214,20.212886440148424,21.588232010113074,17.75100066101703,4.437750165254258,18.511759623636397,1.3153152751798984
8.333333333333334,13.882214270356897,20.204642865306234,21.592232831933686,17.70309152118739,4.425772880296847,18.307987150653744,1.3188088581622985
8.5,14.391161144047295,20.194812143402185,21.53299086117977,17.63714292244987,4.409285730612467,18.800446874659762,1.3063884620898925
8.666666666666666,16.019714768106006,20.185879708471244,21.591296015178887,17.55849714721748,4.38962428680437,20.409339054910376,1.2740138854122276
8.833333333333334,14.712207406281562,20.18249898522648,21.580676303422518,17.487037667769954,4.3717594169424885,19.083966823224053,1.2971518342703565
9.0,15.26705494803709,20.178310447836342,21.654458390460846,17.459991881811845,4.364997970452961,19.632052918490054,1.2859096260090541
9.166666666666666,13.757610029510497,20.1754394816558,21.629417516372943,17.426483582690736,4.356620895672684,18.11423092518318,1.3166698929776026
9.333333333333334,15.236202966033396,20.168858728225633,21.581321065557272,17.403515853246404,4.350878963311601,19.587081929344997,1.28556189314432
9.5,13.060702350777404,20.164835078330555,21.49843142692527,17.350869825805063,4.337717456451266,17.39841980722867,1.3321197696686713
9.666666666666666,14.632594281737088,20.155817572775806,21.48459583761955,17.318680626644436,4.329670156661109,18.962264438398197,1.295892175597663
9.833333333333334,11.666404201195084,20.1490006688996,21.437316522157413,17.24654058220645,4.311635145551612,15.978039346746696,1.3695770411512003
10.0,14.9548356687732,20.134712570503332,21.443968525928906,17.192005351196798,4.2980013377991995,19.2528370065724,1.2873987673949332
10.166666666666666,16.049693472018706,20.12652429161452,21.490879216284117,17.077700564026657,4.269425141006664,20.31911861302537,1.2660128773456047
10.333333333333334,13.81418374441901,20.12509237679306,21.454534407136126,17.012194332916152,4.253048583229038,18.06723232764805,1.3078754895632028
10.5,15.057938645689532,20.12069397174633,21.472233830355833,17.000739014344475,4.250184753586119,19.30812339927565,1.2822554171319307
10.666666666666666,14.711349230248665,20.118501897407928,21.5190758900721,16.965551773970645,4.241387943492661,18.952737173741326,1.288307202630453
10.833333333333334,13.249646367690886,20.116524599422153,21.471512592832223,16.94801517926342,4.237003794815855,17.48665016250674,1.3197824060533225
11.0,14.233972260213577,20.110361626530015,21.43953125652454,16.932196795377223,4.233049198844306,18.467021459057882,1.2973905752701522
11.166666666666666,14.839554720560887,20.105017260351826,21.45398480043029,16.882893012240118,4.220723253060029,19.060277973620916,1.2844238477864853
11.333333333333334,12.94261734635564,20.102048883639622,21.427684343635505,16.840138082814605,4.210034520703651,17.15265186705929,1.325284632005991
11.5,13.930472830150636,20.094791909965195,21.454469560413887,16.816391069116975,4.204097767279244,18.134570597429878,1.301791462396024
11.666666666666666,13.861908622079401,20.08833528244633,21.407484486113454,16.758335279721564,4.189583819930391,18.051492442009792,1.3022371546481828
11.833333333333334,12.145012578271535,20.08226569609059,21.353779730526526,16.70668225957064,4.17667056489266,16.321683143164194,1.3439000608665552
12.0,13.068852978683267,20.07144451663619,21.32438370957201,16.658125568724728,4.164531392181182,17.23338437086445,1.318660818893134
12.166666666666666,14.444726495793399,20.061070437849036,21.343828245017193,16.57155613308953,4.1428890332723824,18.58761552906578,1.2868097941819026
12.333333333333334,13.850166376917487,20.055287588669845,21.34048464227658,16.48856350279229,4.122140875698072,17.972307252615558,1.297623924761509
12.5,13.440150082529533,20.050358655215827,21.34717093674473,16.44230070935876,4.11057517733969,17.550725259869225,1.3058429520577237
12.666666666666666,13.744864547885804,20.04479197920913,21.328429600870837,16.40286924172662,4.100717310431655,17.84558185831746,1.2983454144742674
12.833333333333334,13.830423745474942,20.039924188603756,21.326836253250033,16.35833583367304,4.08958395841826,17.9200077038932,1.2956947692767762
13.0,14.439439883634755,20.03580829103101,21.330182953581442,16.319393508830046,4.079848377207512,18.519288260842266,1.2825489361143083
13.166666666666666,13.344021027193287,20.03401238175547,21.284348898555454,16.286466328248082,4.0716165820620205,17.415637609255306,1.3051266611289523
13.333333333333334,13.448945916202167,20.03025429173545,21.286844465031486,16.272099054043764,4.068024763510941,17.516970679713108,1.3024790782012234
13.5,14.18023886796999,20.025840240728748,21.307608536778204,16.242034333883595,4.060508583470899,18.24074745144089,1.2863498013875272
13.666666666666666,13.223483657890382,20.023356506261905,21.292162526182455,16.20672192582998,4.051680481457495,17.27516413934788,1.3064003848214294
13.833333333333334,13.945843971580702,20.019129560732296,21.29847265510564,16.18685205009524,4.04671301252381,17.99255698410451,1.2901734036871726
14.0,13.239933405231442,20.016214119623253,21.290932740282642,16.153036485858365,4.038259121464591,17.27819252669603,1.3050059994915812
14.166666666666666,14.09546547406454,20.01197817561414,21.31474859894878,16.129712956986026,4.0324282392465065,18.127893713311046,1.2860798209655522
14.333333333333334,12.940971938524891,20.009678765177213,21.283494127009703,16.095825404913114,4.0239563512282785,16.964928289753168,1.310946996125467
14.5,14.79309950751555,20.005046471101224,21.27570228346236,16.077430121417706,4.0193575303544264,18.812457037869976,1.271704893779185
14.666666666666666,13.703690149005093,20.00477933275816,21.259556849092295,16.04037176880979,4.010092942202448,17.71378309120754,1.2926286933372895
14.833333333333334,14.293987681090705,20.00363572659938,21.272674597166226,16.038234662065292,4.009558665516323,18.30354634660703,1.280506654613989
15.0,14.069402834329168,20.003803327963105,21.2852726004732,16.029085812795046,4.007271453198761,18.07667428752793,1.2848217156325263
15.166666666666666,12.643175379075272,20.004007083279433,21.26694222173056,16.03042662370484,4.00760665592621,16.650782035001484,1.3169778584704985
15.333333333333334,13.549912468834746,19.99998065145641,21.260548996094982,16.032056666235462,4.0080141665588656,17.557926635393613,1.2957963142402162
15.5,13.680349688186872,19.996465389775633,21.260878131297638,15.99984521165129,3.9999613029128227,17.680310991099695,1.2923873580780492
15.666666666666666,14.71473047981003,19.993700921624765,21.26492669532725,15.971723118205063,3.9929307795512656,18.707661259361295,1.2713560255167389
15.833333333333334,12.145766000943725,19.994488631327766,21.20197546311623,15.949607372998116,3.987401843249529,16.133167844193252,1.3282956252359635
16.0,12.294821897484578,19.98953113988299,21.173929201409248,15.955909050622125,3.9889772626555313,16.28379916014011,1.3244436801050077
16.166666666666668,13.293380683267088,19.98203384686834,21.182324389760016,15.916249119063906,3.9790622797659765,17.272442963033065,1.2993265877636817
16.333333333333332,13.331741271623121,19.97631983804436,21.184113736713506,15.856270774946722,3.9640676937366806,17.295808965359804,1.2973405808717786
16.5,13.897607320065761,19.97182411960782,21.187284173626484,15.81055870435489,3.9526396760887224,17.850246996154482,1.2844115238730185
16.666666666666668,13.713675264586305,19.969781369206707,21.233747799969287,15.774592956862563,3.9436482392156407,17.657323503801948,1.287570484434583
16.833333333333332,13.172316320323134,19.96856712961084,21.248860076410512,15.758250953653658,3.9395627384134144,17.111879058736548,1.2990789655070152
17.0,13.677571283999697,19.966219306963293,21.25793790456737,15.748537036886717,3.937134259221679,17.614705543221376,1.2878533167527644
17.166666666666668,11.73781527679349,19.964820192108405,21.23325640011413,15.729754455706342,3.9324386139265854,15.670253890720076,1.3350230448507143
17.333333333333332,13.740167589649982,19.958195101138916,21.202601311677057,15.718561536867242,3.9296403842168104,17.669807973866792,1.285996539603846
17.5,13.510508001157314,19.954867546035327,21.172156813561468,15.665560809111327,3.9163902022778316,17.426898203435144,1.2898773459844997
17.666666666666668,13.403666570721912,19.952720423236382,21.152486476367972,15.638940368282618,3.9097350920706546,17.313401662792565,1.2916914615446211
17.833333333333332,13.673266747792624,19.950946035077852,21.175619093578195,15.621763385891057,3.9054408464727643,17.57870759426539,1.285626026209373
18.0,14.14370890603906,19.9502190501636,21.17932931847465,15.607568280622814,3.9018920701557036,18.045600976194763,1.2758747437519502
18.166666666666668,12.852749077535833,19.951476137311698,21.155974152201484,15.6017524013088,3.9004381003272,16.753187177863033,1.30347111554091
18.333333333333332,14.962152935636666,19.949932559843866,21.179809602404994,15.61180909849358,3.902952274623395,18.86510521026006,1.2608549913513711
18.5,13.882071139163983,19.953191177846147,21.201564480111266,15.599460478750927,3.899865119687732,17.781936258851715,1.2809281900800424
18.666666666666668,13.598010234958917,19.955750728295993,21.176425043940498,15.625529422769176,3.906382355692294,17.50439259065121,1.2872760270211767
18.833333333333332,12.893924183308098,19.95702418391566,21.177167044493697,15.64600582636794,3.911501456591985,16.805425639900083,1.3033600478010907
19.0,13.440865078272273,19.955475773816065,21.180410741344826,15.656193471325281,3.9140483678313203,17.354913446103595,1.2912050932018169
19.166666666666668,11.77209650891259,19.954068031763097,21.168297746986028,15.643806190528522,3.9109515476321306,15.68304805654472,1.332222178493964
19.333333333333332,13.194033499491367,19.94780430941205,21.145818183225263,15.632544254104772,3.908136063526193,17.10216956301756,1.2962048007288185
19.5,11.384560114660305,19.943301797411728,21.10254699129809,15.582434475296395,3.895608618824099,15.280168733484404,1.3421834993701325
19.666666666666668,14.122703080200537,19.934476392967547,21.143389235732524,15.546414379293822,3.8866035948234554,18.009306675023993,1.2752025283511284
19.833333333333332,11.314994138045666,19.931680498298366,21.14074695778798,15.475811143740373,3.868952785935093,15.18394692398076,1.3419314883183264
20.0,13.695949112283028,19.923855782688726,21.159149058371565,15.45344398638693,3.8633609965967324,17.55931010887976,1.2820805600929057
20.166666666666668,11.733549990117234,19.920591409326793,21.096735166922326,15.390846261509807,3.847711565377452,15.581261555494686,1.327923907821439
20.333333333333332,13.174151770071443,19.914031470816806,21.098625295054234,15.364731274614343,3.8411828186535857,17.01533458872503,1.291569649848717
20.5,12.390296163860073,19.910138933026385,21.09199416139838,15.312251766534445,3.828062941633611,16.218359105493683,1.308956532677506
20.666666666666668,12.642987338668808,19.905450733930113,21.071257952468606,15.28111146421108,3.82027786605277,16.46326520472158,1.3021657590661648
20.833333333333332,12.566173771577635,19.901199667941608,21.10417478257821,15.243605871440906,3.8109014678602264,16.37707523943786,1.3032666535679924
21.0,13.601518112719138,19.897060629035497,21.125844041136325,15.209597343532863,3.8023993358832158,17.403917448602353,1.2795569806525855
21.166666666666668,12.744797210740199,19.896165148255218,21.1239523249303,15.176485032283978,3.7941212580709944,16.538918468811193,1.2976996177603863
21.333333333333332,12.642044151619631,19.894494956076457,21.079760685400686,15.169321186041742,3.7923302965104355,16.434374448130065,1.2999776184158145
21.5,13.544030557930846,19.89214124733933,21.12768107810384,15.155959648611656,3.788989912152914,17.33302047008376,1.2797534970071545
21.666666666666668,12.18736453727814,19.89216038948433,21.1104703724223,15.137129978714654,3.7842824946786635,15.971647031956804,1.310508681602448
21.833333333333332,13.666658857287937,19.889423834536604,21.1102202955404,15.137283115874652,3.784320778968663,17.450979636256598,1.2769016786389322
22.0,13.648771282330483,19.88966774478617,21.080965927306018,15.115390676292833,3.7788476690732082,17.42761895140369,1.2768635792120901
22.166666666666668,13.531586065919882,19.89146329981345,21.106886141705274,15.117341958289359,3.7793354895723397,17.31092155549222,1.2792973027079821
22.333333333333332,11.052921328519439,19.89370462908551,21.09406677695471,15.131706398507589,3.7829265996268973,14.835847928146336,1.3422558151993675
22.5,13.289004289586329,19.888754877699707,21.081442452875923,15.149637032684069,3.7874092581710173,17.076413547757348,1.2850032384396888
22.666666666666668,12.518635708847786,19.88669506132144,21.032593746978176,15.110039021597657,3.7775097553994144,16.2961454642472,1.3017509130591274
22.833333333333332,13.141187842694757,19.88395499822219,21.049686550507236,15.09356049057152,3.77339012264288,16.914577965337635,1.287142240702428
23.0,12.493548723217119,19.882767390033315,21.03579867285269,15.071639985777523,3.7679099964443807,16.261458719661498,1.301588450160871
23.166666666666668,11.947353936744566,19.880520509403382,21.02327774146587,15.062139120266522,3.7655347800666306,15.712888716811197,1.3151773020204565
23.333333333333332,12.74967420692869,19.876130706462224,21.02038529820873,15.044164075227059,3.7610410188067647,16.510715225735453,1.2949911470492996
23.5,13.453351106797676,19.87307834832086,21.053703822950638,15.00904565169779,3.7522614129244474,17.205612519722123,1.2789090527064677
23.666666666666668,13.074955345620523,19.87291807003121,21.059823003176316,14.984626786566878,3.7461566966417195,16.821112042262243,1.286513918986079
23.833333333333332,12.762107942897758,19.87319864958616,21.044497053602797,14.98334456024969,3.7458361400624227,16.50794408296018,1.2935123379948386
24.0,12.056702048167194,19.872779519618874,21.011965057345357,14.98558919668929,3.7463972991723224,15.803099347339517,1.3107315154845212
24.166666666666668,12.620734307562037,19.869893082146408,21.045734303329308,14.98223615695099,3.7455590392377474,16.366293346799786,1.2967782181258265
24.333333333333332,11.954979101220324,19.867422663500143,21.022600348327494,14.959144657171265,3.7397861642928163,15.69476526551314,1.3128224761104828
24.5,11.495512197953508,19.863256336420328,20.979746723093864,14.939381308001145,3.7348453270002864,15.230357524953794,1.324895947452014
24.666666666666668,12.234098549741791,19.856908248398874,20.973027886914235,14.906050691362623,3.7265126728406557,15.960611222582447,1.304600511242351
24.833333333333332,10.825628691929609,19.85173501243386,20.96843282290521,14.85526598719099,3.7138164967977474,14.539445188727356,1.3430578123898114
25.0,12.24984853442638,19.843131902874642,21.03763621312324,14.813880099470879,3.7034700248677197,15.9533185592941,1.3023278218060956
25.166666666666668,13.241272959047663,19.83712501489773,21.038221686259995,14.745055222997138,3.6862638057492845,16.927536764796947,1.2783919504680619
25.333333333333332,11.801728585636882,19.835619481354676,21.010269794908055,14.697000119181837,3.6742500297954592,15.475978615432341,1.3113315141196478
25.5,11.6448010390655,19.832299430679207,20.963138328228492,14.684955850837412,3.671238962709353,15.316040001774853,1.3152685005431377
25.666666666666668,11.754922682627042,19.827613149528304,21.00388454742975,14.658395445433655,3.6645988613584137,15.419521543985455,1.3117501459005287
25.833333333333332,13.86063004194715,19.82263126126049,21.01191820636965,14.620905196226431,3.655226299056608,17.515856341003758,1.263712853455767
26.0,10.715133422437992,19.823878913722137,20.943648837132653,14.58105009008392,3.64526252252098,14.360395944958972,1.340197585863712
26.166666666666668,11.91188986987873,19.81910125321995,20.92320765802324,14.591031309777094,3.6477578274442735,15.559647697323003,1.306228303593392
26.333333333333332,13.55214791365589,19.81474613829024,20.947631336818375,14.552810025759612,3.638202506439903,17.190350420095793,1.2684594744404944
26.5,13.548184649214132,19.815608053175733,20.96889324287407,14.517969106321914,3.6294922765804785,17.17767692579461,1.267895099642815
26.666666666666668,11.752768749151036,19.81925668994276,20.932697668713782,14.524864425405866,3.6312161063514665,15.383984855502502,1.308966864221996
26.833333333333332,10.68107219603301,19.818978396770184,20.912066557771723,14.554053519542066,3.6385133798855165,14.319585575918527,1.3406505745028925
27.0,12.406536993349327,19.813394951480124,20.897998239195253,14.551827174161474,3.6379567935403685,16.044493786889696,1.293229028816868
27.166666666666668,13.296430541317465,19.810216603203227,20.941136551817586,14.50715961184099,3.6267899029602475,16.92322044427771,1.272764174692623
27.333333333333332,12.266103082697684,19.81106468510146,20.952498508901684,14.481732825625812,3.620433206406453,15.886536289104138,1.2951575722132453
27.5,12.612542188667913,19.8110016824328,20.96898278256593,14.48851748081168,3.62212937020292,16.234671558870833,1.2871847178800577
27.666666666666668,12.80620470347468,19.811478875956514,20.943700043442387,14.488013459462394,3.6220033648655985,16.42820806834028,1.2828319122435117
27.833333333333332,11.967054228263594,19.81281269238729,20.934997480254047,14.49183100765211,3.6229577519130274,15.590011980176621,1.302744324777637
28.0,12.00729738233376,19.812079271494127,20.928596309449727,14.502501539098319,3.6256253847745796,15.63292276710834,1.3019518272370711
28.166666666666668,12.508017740723137,19.810366337441476,20.929293807177018,14.49663417195302,3.624158542988255,16.13217628371139,1.2897468342396776
28.333333333333332,11.934131448756794,19.80965629765835,20.92237925578843,14.482930699531806,3.6207326748829516,15.554864123639746,1.3033930613576519
28.5,12.99125848331062,19.80779773744543,20.95702199622679,14.4772503812668,3.6193125953167,16.61057107862732,1.278595995912659
28.666666666666668,11.54250031015219,19.80851027498924,20.91090524573824,14.46238189956344,3.61559547489086,15.15809578504305,1.3132419647163247
28.833333333333332,12.790597081323726,19.80628315403521,20.945678134302323,14.468082199913908,3.617020549978477,16.4076176313022,1.2827874669947887
29.0,11.885111247163378,19.806236475152122,20.943927340489516,14.45026523228168,3.61256630807042,15.497677555233798,1.303957298585037
29.166666666666668,11.735089181187107,19.804674521110424,20.942492274816956,14.449891801216978,3.6124729503042445,15.347562131491351,1.307835151018325
29.333333333333332,12.218149955208137,19.80188545422963,20.940991917287914,14.437396168883396,3.609349042220849,15.827498997428986,1.2954088021061094
29.5,11.969282816206821,19.79993932450422,20.932803358114377,14.415083633837042,3.6037709084592606,15.573053724666082,1.3010849491817196
29.666666666666668,11.315736544148955,19.79775589066765,20.92017853201945,14.399514596033754,3.5998786490084385,14.915615193157393,1.3181302988951111
29.833333333333332,13.272409372610731,19.79355273251711,20.923847625499775,14.382047125341188,3.595511781335297,16.86792115394603,1.2709012117087861
30.0,12.526811117770954,19.794184595044513,20.92214641052665,14.348421860136881,3.5871054650342202,16.113916582805174,1.2863542390246017
30.166666666666668,12.214558896025764,19.795195114221983,20.945771750210465,14.353476760356102,3.5883691900890256,15.80292808611479,1.2937780414859328
30.333333333333332,12.158094620655287,19.795456154359847,20.98594634171042,14.361560913775861,3.5903902284439653,15.748484849099253,1.2953086269245084
30.5,11.368343840357408,19.79513766101527,20.94210028879297,14.363649234878778,3.5909123087196946,14.959256149077103,1.3158694317436128
30.666666666666668,10.391618574310542,19.792163315020055,20.872301467746045,14.361101288122171,3.590275322030543,13.981893896341084,1.3454972193558161
30.833333333333332,11.333390620262321,19.784919654283936,20.87586787057521,14.337306520160439,3.5843266300401098,14.917717250302431,1.3162625157939847
31.0,10.728766266728753,19.7783492813159,20.845662087783477,14.279357234271487,3.5698393085678717,14.298605575296625,1.3327353043041295
31.166666666666668,12.626205702131696,19.77050465323518,20.831979839641416,14.226794250527206,3.5566985626318015,16.182904264763497,1.281691796137245
31.333333333333332,13.106265030746655,19.767811075418162,20.87685785477757,14.16403722588143,3.5410093064703574,16.647274337217013,1.270176842766671
31.5,13.66675155903422,19.769396402581783,20.883345223051546,14.1424886033453,3.535622150836325,17.202373709870542,1.2587024528516544
31.666666666666668,12.113172010940653,19.774923565232523,20.890773845289864,14.155171220654267,3.538792805163567,15.65196481610422,1.292144188323861
31.833333333333332,12.712474406615783,19.77782173587284,20.91203974544855,14.199388521860186,3.5498471304650465,16.26232153708083,1.2792412410771616
32.0,12.405383960017867,19.78101147656911,20.87641970560519,14.22257388698273,3.5556434717456824,15.961027431763549,1.2866209932079007
32.166666666666664,10.88562054695408,19.783366524749958,20.900010873424712,14.248091812552872,3.562022953138218,14.447643500092298,1.3272227740966878
32.333333333333336,13.08692475464461,19.780689511260103,20.903919981460387,14.266932197999665,3.5667330494999163,16.653657804144526,1.2725417251470073
32.5,10.973980388398978,19.78191001910829,20.923063861930615,14.245516090080827,3.5613790225202067,14.535359410919185,1.3245293773520024
32.666666666666664,11.55756250766103,19.778918551715396,20.882311696687943,14.255280152866334,3.5638200382165834,15.121382545877614,1.3083539488412261
32.833333333333336,12.19506825246154,19.775460914743547,20.904370390388333,14.231348413723168,3.557837103430792,15.752905355892333,1.2917439271168205
33.0,11.588793218118122,19.773733560076106,20.852570076347874,14.20368731794838,3.550921829487095,15.139715047605216,1.306409974071806
33.166666666666664,10.9371030425202,19.771179404540042,20.84790025828653,14.189868480608851,3.5474671201522128,14.484570162672412,1.3243516227615957
33.333333333333336,12.136970171033527,19.766301542366577,20.85582758940165,14.16943523632034,3.542358809080085,15.679328980113612,1.2918651656188782
33.5,11.613380232293267,19.763858574139814,20.846720089323696,14.130412338932615,3.5326030847331538,15.14598331702642,1.3041838822180352
33.666666666666664,12.269800886180537,19.761233288323325,20.84457438166577,14.11086859311851,3.5277171482796277,15.797518034460165,1.2875121757071781
33.833333333333336,12.494116196934067,19.760527557231775,20.84607506884546,14.0898663065866,3.52246657664665,16.016582773580716,1.2819300317945679
34.0,12.292720621193437,19.761544233075664,20.875081964064336,14.084220457854201,3.5210551144635502,15.813775735656987,1.2864341607498202
34.166666666666664,11.428101196018304,19.762867474241048,20.86112979214666,14.092353864605315,3.5230884661513286,14.951189662169632,1.3082829251966037
34.333333333333336,11.465024526958167,19.76175064426832,20.832590279818525,14.102939793928385,3.5257349484820963,14.990759475440264,1.3075209250701467
34.5,12.19466269162844,19.759452326972777,20.834043674375504,14.094005154146572,3.523501288536643,15.718163980165084,1.2889379868584232
34.666666666666664,11.803501371681424,19.75874341796454,20.841146392028893,14.075618615782219,3.5189046539455546,15.322406025626979,1.2981237976036497
34.833333333333336,11.585272462539146,19.757746781945425,20.834255663571746,14.069947343716308,3.517486835929077,15.102759298468223,1.3036171007028823
35.0,11.815721462450636,19.75596961650024,20.82934634245922,14.061974255563399,3.5154935638908498,15.331215026341486,1.2975267803208455
35.166666666666664,12.589002192665731,19.754500089361784,20.852548756551382,14.047756932001931,3.511939233000483,16.100941425666214,1.2789688316240437
35.333333333333336,13.303322515928595,19.75553434628764,20.854102771762,14.036000714894271,3.509000178723568,16.812322694652163,1.263768706991964
35.5,12.673763796464701,19.76002239752809,20.85147792105808,14.044274770301115,3.5110686925752788,16.18483248903998,1.277034411321022
35.666666666666664,12.808430674449168,19.7643932580106,20.89987699862663,14.080179180224718,3.5200447950561795,16.32847546950535,1.274822488759542
35.833333333333336,10.783023783850657,19.768994253723353,20.882523056543736,14.115146064084797,3.5287865160211993,14.311810299871857,1.3272538934121738
36.0,12.970414934113458,19.767578664473557,20.899932165376697,14.151954029786822,3.5379885074467055,16.508403441560162,1.2727737335635616
36.166666666666664,11.51167175126735,19.769456104784403,20.868449945873742,14.140629315788459,3.5351573289471148,15.046829080214465,1.3070933054148213
36.333333333333336,10.926779880994424,19.76872575373454,20.84263141576114,14.155648838275226,3.5389122095688066,14.46569209056323,1.3238751258936075
36.5,11.879730043666914,19.764863136657244,20.844844222513924,14.149806029876316,3.537451507469079,15.417181551135993,1.2977720448584515
36.666666666666664,12.035508807544295,19.762238606612623,20.82989763289307,14.11890509325795,3.5297262733144876,15.565235080858782,1.2932760325929824
36.833333333333336,12.460653864979479,19.760811301990266,20.834086922584156,14.097908852900986,3.5244772132252464,15.985131078204725,1.2828484966692437
37.0,12.0844945154291,19.761331427300206,20.83811158707698,14.086490415922128,3.521622603980532,15.606117119409632,1.2914166247900758
37.166666666666664,10.10811324054976,19.76177179931356,20.791237778241527,14.090651418401649,3.522662854600412,13.630776095150171,1.3484985546529968
37.333333333333336,12.631926864792675,19.7562761667357,20.840783925077623,14.094174394508485,3.5235435986271213,16.155470463419796,1.2789395185977395
37.5,11.795670145441019,19.755218552488923,20.821357423873348,14.05020933388559,3.5125523334713975,15.308222478912416,1.2977831941857907
37.666666666666664,12.193090929884582,19.754096690406165,20.843327318516724,14.041748419911386,3.5104371049778464,15.703528034862428,1.2879037911850524
37.833333333333336,12.013912758526962,19.75415044957225,20.83117459798181,14.032773523249318,3.5081933808123296,15.522106139339291,1.2920108919820783
38.0,11.622224338351996,19.754305015685695,20.829555710646886,14.033203596578005,3.5083008991445013,15.130525237496498,1.3018613990755208
38.166666666666664,12.165660585919467,19.753344531058154,20.83446633324521,14.03444012548556,3.50861003137139,15.674270617290857,1.2884027551641752
38.333333333333336,10.951977943113349,19.753422341166274,20.804516480775927,14.026756248465233,3.5066890621163083,14.458667005229657,1.320187739633034
38.5,11.482041464085256,19.75044726361903,20.803801549107842,14.027378729330195,3.5068446823325488,14.988886146417805,1.30541996327932
38.666666666666664,10.621508068695368,19.74747279176382,20.768979396290483,14.00357810895224,3.50089452723806,14.122402595933428,1.3296042807288544
38.833333333333336,13.05854052904458,19.742010569882083,20.854980887239712,13.979782334110553,3.494945583527638,16.553486112572216,1.267636768117711
39.0,11.354518000707415,19.742590968196946,20.788833530626317,13.936084559056667,3.4840211397641667,14.838539140471582,1.3068400736646948
39.166666666666664,12.442345546926433,19.741351512384632,20.8100865360398,13.940727745575572,3.485181936393893,15.927527483320326,1.2801065059035288
39.333333333333336,12.13885415524777,19.74239648379605,20.86498405919752,13.930812099077059,3.4827030247692647,15.621557180017035,1.2869054179437234
39.5,10.36945745875575,19.743747227761062,20.786062191658846,13.939171870368398,3.4847929675920994,13.85425042634785,1.3360631914883467
39.666666666666664,11.310201614696943,19.739964007325863,20.814175180226577,13.9499778220885,3.487494455522125,14.797696070219068,1.3083494507286528
39.833333333333336,11.707733502047152,19.736298726740227,20.828459081011832,13.919712058606905,3.479928014651726,15.187661516698878,1.2972332786737284
40.0,11.063564348694893,19.73397031618097,20.80759390598124,13.890389813921814,3.4725974534804536,14.536161802175346,1.3138769156153638
40.166666666666664,11.610344968996785,19.730504452736447,20.794357803486893,13.87176252944775,3.4679406323619375,15.078285601358722,1.2986940217213538
40.333333333333336,10.833296200508006,19.728136245690006,20.782042509000195,13.844035621891578,3.4610089054728945,14.2943051059809,1.3194788401807567
40.5,10.771294114819511,19.72410679858861,20.78060851879237,13.82508996552005,3.4562724913800125,14.227566606199524,1.3208781094023563
40.666666666666664,13.323599801287763,19.719093898091142,20.83198065523281,13.79285438870889,3.4482135971772223,16.771813398464985,1.2588049512597896
40.833333333333336,10.716429875271446,19.721268696935475,20.815650808117258,13.752751184729135,3.4381877961822838,14.15461767145373,1.3208333219364434
41.0,11.457864921954018,19.719515442755963,20.781436107743705,13.7701495754838,3.44253739387095,14.900402315824968,1.3004519094368816
41.166666666666664,11.590801166175194,19.717888870018516,20.761247088772492,13.756123542047703,3.439030885511926,15.02983205168712,1.296703466499612
41.333333333333336,12.05280801169792,19.716766347338165,20.798260505385482,13.74311096014813,3.4357777400370324,15.488585751734952,1.285060355786172
41.5,12.09321832666878,19.717318834026877,20.785414197363565,13.734130778705321,3.4335326946763303,15.52675102134511,1.2839221621513666
41.666666666666664,12.89637379205113,19.71888332667157,20.792430625168404,13.738550672215013,3.434637668053753,16.331011460104882,1.266325846585708
41.833333333333336,11.119206967021984,19.72334671420516,20.79601092034512,13.751066613372558,3.4377666533431395,14.556973620365124,1.3091737264662018
42.0,11.851639571944224,19.723978106321024,20.792159160707236,13.786773713641281,3.4466934284103203,15.298333000354544,1.2908199669326343
42.166666666666664,11.177559408623978,19.724702752163395,20.76859665171225,13.79182485056819,3.4479562126420475,14.625515621266025,1.3084712938301897
42.333333333333336,13.512430084115378,19.723453815818903,20.819119847248842,13.797622017307162,3.4494055043267906,16.96183558844217,1.2552764737988737
42.5,11.323656218888338,19.72811789100774,20.800336110685286,13.787630526551226,3.4469076316378064,14.770563850526145,1.3043988235785733
42.666666666666664,12.65189141316705,19.729349080508836,20.84762002796994,13.824943128061932,3.456235782015483,16.108127195182533,1.2731793744624236
42.833333333333336,12.059580653367433,19.73264772786707,20.818162436731278,13.834792644070689,3.458698161017672,15.518278814385106,1.2868008648420033
43.0,11.759015294438923,19.73521996375612,20.79328694320471,13.861181822936572,3.465295455734143,15.224310750173066,1.2946926565673362
43.166666666666664,12.534531229695194,19.73644189420523,20.819902818900164,13.881759710048954,3.4704399275122384,16.004971157207432,1.276870340335546
43.333333333333336,12.363036258069647,19.73921209709827,20.841740817961508,13.891535153641854,3.4728837884104635,15.83592004648011,1.2809086470278392
43.5,11.695424748706477,19.74224068430775,20.833827243667972,13.913696776786168,3.478424194196542,15.17384894290302,1.2974175174425588
43.666666666666664,14.347662674266761,19.743347620439916,20.92423545130164,13.937925474461991,3.484481368615498,17.83214404288226,1.2428605583866343
43.833333333333336,12.321619273423682,19.751282335937653,20.93561999891453,13.94678096351933,3.4866952408798326,15.808314514303515,1.282973784817409
44.0,10.306374510153503,19.756682586938627,20.828243119072617,14.01025868750122,3.502564671875305,13.808939182028809,1.3398444980264101
44.166666666666664,11.240434721327407,19.75458267250317,20.80864753206647,14.053460695509017,3.513365173877254,14.753799895204661,1.3125648839195743
44.333333333333336,12.102222589916456,19.751260598728457,20.853173190269228,14.03666138002535,3.5091653450063376,15.611387934922794,1.2899604034659027
44.5,12.140964431432861,19.74992439055262,20.84910321577544,14.010084789827658,3.5025211974569146,15.643485628889776,1.2884878888524633
44.666666666666664,11.502840692373084,19.749809607233104,20.84024113495801,13.999395124420971,3.499848781105243,15.002689473478327,1.304259519426867
44.833333333333336,10.895888394354696,19.748458615512497,20.795735835422278,13.99847685786483,3.4996192144662075,14.395507608820903,1.3211871384695355
45.0,11.981845643340009,19.74466624860748,20.80400923266271,13.987668924099978,3.4969172310249945,15.478762874365003,1.291851300301863
45.166666666666664,12.655734757014699,19.742879508316935,20.840316293645895,13.95732998885984,3.48933249721496,16.14506725422966,1.2757115698305013
45.333333333333336,13.926249640394332,19.744226254675976,20.88856021427884,13.943036066535484,3.485759016633871,17.412008657028203,1.2503013450601312
45.5,14.777353733682533,19.75101480282514,20.949455392155173,13.953810037407806,3.4884525093519514,18.265806243034483,1.236067470009911
45.666666666666664,12.674744920554055,19.76311088006997,20.941308067894873,14.008118422601115,3.5020296056502787,16.176774526204333,1.276299809392708
45.833333333333336,13.073001597540744,19.771520784199843,20.9494075292166,14.10488704055976,3.52622176013994,16.599223357680685,1.2697331392358495
46.0,13.404036021886485,19.778917194074477,20.937177423167466,14.172166273598748,3.543041568399687,16.94707759028617,1.2643264732066153
46.166666666666664,14.069518865941504,19.78656944765783,20.960186282203576,14.231337552595818,3.5578343881489545,17.62735325409046,1.2528753415130285
46.333333333333336,11.686515621219737,19.79615269222182,20.94863232395967,14.292555581262633,3.573138895315658,15.259654516535395,1.3057488657121843
46.5,12.40276868132575,19.79945201699328,20.929286671396174,14.369221537774564,3.592305384443641,15.99507406576939,1.2896373766812568
46.666666666666664,13.178678574345362,19.8014057280636,20.946080569355875,14.395616135946227,3.598904033986557,16.77758260833192,1.2730853487080611
46.833333333333336,12.586103686889246,19.80489345201655,20.937993821112588,14.411245824508796,3.602811456127199,16.188915143016445,1.2862531205650398
47.0,12.984995479232843,19.807361021592765,20.950685969070324,14.439147616132402,3.6097869040331005,16.594782383265944,1.2779967778815404
47.166666666666664,12.672831293084942,19.810403812325305,20.965144162738373,14.458888172742121,3.6147220431855303,16.28755333627047,1.2852339749175024
47.333333333333336,11.969459543410563,19.812753724939682,20.954305264151174,14.483230498602438,3.6208076246506096,15.590267168061173,1.3025038525355925
47.5,11.849965608611022,19.81257808637846,20.956391556977113,14.502029799517459,3.6255074498793647,15.475473058490387,1.3059508837093008
47.666666666666664,11.894676470700038,19.81068612338224,20.922866727016352,14.500624691027667,3.625156172756917,15.519832643456954,1.3047713135945063
47.833333333333336,13.379969323349524,19.808046050384274,20.94863653894447,14.48548898705792,3.62137224676448,17.001341570114004,1.2706562443640872
48.0,12.016226307790667,19.809486979405847,20.934836838510762,14.46436840307419,3.6160921007685474,15.632318408559215,1.3009340876364879
48.166666666666664,11.698477052877465,19.809039453923734,20.938958855595402,14.475895835246774,3.6189739588116936,15.317451011689158,1.3093542811131589
48.333333333333336,12.204639189557108,19.806636569788182,20.9408059491861,14.472315631389876,3.618078907847469,15.822718097404577,1.2964511159775436
48.5,13.212024178011488,19.804742295174457,20.955455223133967,14.453092558305457,3.613273139576364,16.825297317587854,1.273483691135675
48.666666666666664,13.584036993463414,19.80616759271306,20.93445077002836,14.437938361395652,3.609484590348913,17.193521583812327,1.265715162001236
48.833333333333336,12.307170525451435,19.810459224816007,20.968803354543912,14.449340741704475,3.6123351854261188,15.919505710877553,1.2935146773139894
49.0,13.713563575552415,19.812394469788075,20.956549595627326,14.48367379852806,3.620918449632015,17.33448202518443,1.264039206854091
49.166666666666664,12.307749760317758,19.817194320046195,20.94399256835841,14.499155758304596,3.624788939576149,15.932538699893907,1.294512726547551
49.333333333333336,12.688109865048204,19.81924059810218,20.944965896156205,14.537554560369557,3.6343886400923893,16.322498505140594,1.2864405083773747
49.5,13.180829854018114,19.820880416630967,20.981251922300363,14.55392478481744,3.63848119620436,16.819311050222474,1.2760434082301113
49.666666666666664,11.65497485543016,19.823726718600135,20.944284363097847,14.567043333047735,3.641760833261934,15.296735688692094,1.3124640660691949
49.833333333333336,12.753733119820923,19.82261397414948,20.950938518038544,14.589813748801078,3.6474534372002694,16.40118655702119,1.2859910430093335
50.0,12.699543455583726,19.822658895104386,20.992117785084922,14.580911793195838,3.6452279482989596,16.344771403882685,1.2870361411847626
50.166666666666664,11.971095233321332,19.823167124915052,20.956242518996017,14.581271160835087,3.6453177902087717,15.616413023530104,1.3045099649748082
50.333333333333336,11.814015130621197,19.82174528261264,20.931761439737052,14.585336999320418,3.6463342498301046,15.460349380451301,1.3086447926056088
50.5,12.177967894335842,19.81884769328808,20.926971917877662,14.573962260901112,3.643490565225278,15.82145845956112,1.2991870726576575
50.666666666666664,13.296025287928753,19.81630683675049,20.930161604564333,14.550781546304648,3.637695386576162,16.933720674504915,1.2735926946437721
50.833333333333336,11.385077299760393,19.817348724659748,20.941142804048535,14.530454694003907,3.632613673500977,15.01769097326137,1.3190679850348868
51.0,12.900337628054105,19.814614073367007,20.927645396405964,14.538789797277985,3.6346974493194963,16.5350350773736,1.2817521179767568
51.166666666666664,13.550737193647045,19.81441514136705,20.96779902808761,14.516912586936058,3.6292281467340146,17.17996534038106,1.2678251444825819
51.333333333333336,12.604158380376983,19.81752730275448,21.012444335789546,14.5153211309364,3.6288302827341,16.232988663111083,1.2879073852629233
51.5,12.395900137367699,19.819535417756295,20.974319595400775,14.54021842203585,3.6350546055089623,16.03095474287666,1.2932465222554523
51.666666666666664,12.301123844311064,19.820277699378938,20.98887118613718,14.556283342050364,3.639070835512591,15.940194679823655,1.2958323874769835
51.833333333333336,13.814116362567336,19.820035530233422,21.071058601334986,14.562221595031502,3.6405553987578756,17.454671761325212,1.263538781866847
52.0,13.667502756108826,19.823770188927814,21.03966326294087,14.560284241867379,3.6400710604668447,17.30757381657567,1.2663303695943926
52.166666666666664,12.958737355281126,19.829126179155065,21.046726169316162,14.590161511422508,3.647540377855627,16.606277733136753,1.2814734397228238
52.333333333333336,12.245677369386875,19.83311753094828,20.9883243839214,14.633009433240517,3.658252358310129,15.903929727697005,1.2987382606907023
52.5,11.556899405170338,19.834151123878968,20.958868056321954,14.66494024758623,3.6662350618965576,15.223134467066895,1.3172334493329891
52.666666666666664,12.146196105460696,19.831510805752128,20.984340416104693,14.673208991031743,3.6683022477579357,15.814498353218632,1.302012433844102
52.833333333333336,13.58954435106894,19.828703514639543,21.031986084184954,14.652086446017023,3.6630216115042558,17.252565962573193,1.269547051532756
53.0,13.59835405483916,19.83017058692897,21.03777252989154,14.62962811711634,3.657407029279085,17.255761084118244,1.2689595383771868
53.166666666666664,13.455697139352507,19.833938048358835,21.06069900138718,14.641364695431747,3.660341173857937,17.116038313210446,1.272029099343572
53.333333333333336,12.448638105896439,19.838431736561382,20.98312600640146,14.67150438687068,3.66787609671767,16.11651420261411,1.2946407523069001
53.5,13.11524242637061,19.840210397444856,21.006152193531904,14.70745389249106,3.676863473122765,16.792105899493375,1.2803504009754143
53.666666666666664,15.118719851295108,19.842461919658813,21.041031064060896,14.721683179558852,3.680420794889713,18.79914064618482,1.2434346843575146
53.833333333333336,13.196545319390241,19.850876459683114,21.106669697621374,14.739695357270506,3.6849238393176265,16.881469158707866,1.2792339775398043
54.0,14.52244633711048,19.856694599550426,21.139387738887763,14.807011677464914,3.7017529193662284,18.22419925647671,1.2548987156459182
54.166666666666664,12.132882739009995,19.86491272482044,21.078697827945863,14.85355679640341,3.7133891991008525,15.846271938110847,1.306059926480741
54.333333333333336,14.027900464480819,19.86711440430935,21.073983146979536,14.91930179856351,3.7298254496408774,17.757725914121696,1.265886221468775
54.5,13.484776330301099,19.871650212714457,21.059739581939674,14.93691523447481,3.7342288086187025,17.2190051389198,1.2769218203662502
54.666666666666664,12.874007995600945,19.87571975105307,21.068962491444804,14.973201701715652,3.743300425428913,16.617308421029858,1.2907641836720936
54.833333333333336,14.218097056321714,19.87761959692124,21.077208181625885,15.00575800842455,3.7514395021061375,17.96953655842785,1.2638496197659697
55.0,14.986704745125401,19.882300392728922,21.12185509658669,15.02095677536991,3.7552391938424776,18.74194393896788,1.250571373607925
55.166666666666664,12.834782125360531,19.890656818394955,21.115187285160754,15.058403141831377,3.7646007854578443,16.599382910818377,1.2933124028665268
55.333333333333336,12.396459606406216,19.89439012278351,21.13381638284106,15.125254547159642,3.7813136367899105,16.17777324319613,1.3050317394521105
55.5,13.939014914868817,19.89422854293352,21.109856140852813,15.155120982268073,3.7887802455670183,17.727795160435836,1.2718111910136136
55.666666666666664,13.653991168052444,19.896556776668366,21.16768891886289,15.153828343468149,3.788457085867037,17.44244825391948,1.2774615157750544
55.833333333333336,14.455644248180338,19.89932524395047,21.17110833360486,15.172454213346924,3.793113553336731,18.24875780151707,1.2623967142671075
56.0,13.320356590143833,19.904649543486244,21.105987852258654,15.194601951603772,3.798650487900943,17.119007078044774,1.285176336098366
56.166666666666664,13.144260879154203,19.907845646617428,21.107096438203342,15.237196347889949,3.809299086972487,16.95355996612669,1.2898070208735544
56.333333333333336,14.544651578837861,19.909288940138808,21.16050098528692,15.262765172939424,3.815691293234856,18.360342872072717,1.2623432587953225
56.5,12.737369492833118,19.913917273252423,21.172570619883935,15.274311521110462,3.8185778802776156,16.555947373110733,1.2997932879646932
56.666666666666664,14.097182919128391,19.914774586591513,21.19819143777487,15.311338186019384,3.827834546504846,17.92501746563324,1.2715318775718574
56.833333333333336,13.967714105110229,19.91761976719308,21.16644433443528,15.318196692732101,3.8295491731830253,17.797263278293254,1.2741715032513405
57.0,14.82039160250644,19.921084159523474,21.223118105509815,15.340958137544646,3.8352395343861616,18.6556311368926,1.2587812547232249
57.166666666666664,14.33442772246977,19.92733588849263,21.186442224147633,15.368673276187792,3.842168319046948,18.176596041516717,1.2680377894001447
57.333333333333336,12.873864733785776,19.93349428320455,21.18022681932696,15.418687107941054,3.8546717769852634,16.72853651077104,1.2994183841988942
57.5,13.737948754733981,19.935104108731434,21.158889260090465,15.467954265636394,3.8669885664090984,17.60493732114308,1.2814822383928726
57.666666666666664,13.983778077414222,19.936787692580783,21.22016045253692,15.480832869851469,3.870208217462867,17.85398629487709,1.276764133128929
57.833333333333336,14.334510448428134,19.939201437939904,21.264577570588845,15.494301540646262,3.8735753851615655,18.2080858335897,1.2702272532499586
58.0,14.196252782159709,19.942994398483478,21.283162430785627,15.513611503519229,3.8784028758798073,18.074655658039518,1.2731990572014722
58.166666666666664,13.897137916322178,19.947028180118547,21.224426220496156,15.543955187867823,3.8859887969669558,17.783126713289136,1.2796251156436222
58.333333333333336,13.331983771530808,19.950202853259242,21.216916689975278,15.576225440948377,3.8940563602370943,17.226040131767903,1.2920837909023324
58.5,15.111301940044862,19.951153242766658,21.222954355895443,15.601622826073935,3.900405706518484,19.011707646563345,1.258111823984036
58.666666666666664,13.235680325995354,19.95617371426001,21.191496649780525,15.609225942133264,3.902306485533316,17.13798681152867,1.2948323312001608
58.833333333333336,14.736479597139912,19.957688490469963,21.23784286067973,15.649389714080087,3.9123474285200217,18.648827025659934,1.2654872490224423
59.0,13.730143666740734,19.961737993179753,21.24045952791315,15.6615079237597,3.915376980939925,17.64552064768066,1.2851664975964057
59.166666666666664,14.0887056331439,19.96406297804614,21.239569818372967,15.693903945438024,3.923475986359506,18.012181619503405,1.2784837790300245
59.333333333333336,14.816250520168579,19.966465964105662,21.23364914516239,15.712503824369122,3.9281259560922805,18.74437647626086,1.2651228089552842
59.5,13.210266500919836,19.97101741822681,21.214918462069846,15.731727712845299,3.9329319282113246,17.14319842913116,1.297717833923901
59.666666666666664,15.22515326961937,19.971838599384398,21.277651346306484,15.76813934581449,3.9420348364536224,19.16718810607299,1.2589159377672507
59.833333333333336,15.086924338223614,19.9766201807026,21.26894184494367,15.774708795075185,3.943677198768796,19.03060153699241,1.2613970290006198
60.0,13.661113109954385,19.98301346348478,21.24068198382591,15.8129614456208,3.9532403614052,17.614353471359586,1.289379081308141
60.166666666666664,14.726073426736505,19.98587736881052,21.238925734772675,15.864107707878247,3.966026926969562,18.692100353706067,1.2693200564767582
60.333333333333336,13.5098971067428,19.9899329353022,21.26521424498809,15.887018950484162,3.9717547376210405,17.48165184436384,1.2939885260590722
60.5,14.781938537936547,19.990913415258714,21.292339911758532,15.919463482417598,3.9798658706043994,18.761804408540947,1.2692384263667735
60.666666666666664,13.866826357932073,19.99399364746751,21.303568966997926,15.927307322069709,3.981826830517427,17.8486531884495,1.2871476665055195
60.833333333333336,13.933379335296097,19.99540956691823,21.343994450955453,15.951949179740069,3.9879872949350172,17.921366630231113,1.2862182388756638
61.0,13.38903394653515,19.99608927340773,21.244302487033462,15.963276535345841,3.9908191338364603,17.37985308037161,1.2980662495720399
61.166666666666664,14.627142015930756,19.994734309536938,21.25431348854496,15.968714187261838,3.9921785468154596,18.619320562746218,1.2729294993148688
61.333333333333336,13.966417890802305,19.995997769427756,21.25982145270284,15.957874476295501,3.9894686190738753,17.95588650987618,1.2856472325449442
61.5,13.423035483197262,19.99667896171703,21.24600306399603,15.96798215542205,3.9919955388555124,17.415031022052773,1.2973988665866694
61.666666666666664,14.430867452326392,19.99541151698121,21.250729253976534,15.973431693736245,3.9933579234340613,18.424225375760454,1.2767233457466407
61.833333333333336,14.515296126240244,19.996121500532418,21.269735332521712,15.963292135849684,3.990823033962421,18.506119160202665,1.274939140011615
62.0,15.012401710149955,19.998134080174523,21.28413201786733,15.968972004259342,3.9922430010648355,19.00464471121479,1.2659296678935563
62.166666666666664,14.194475883826211,20.00228074687606,21.304254799759317,15.985072641396187,3.9962681603490466,18.190744044175258,1.2815368593427647
62.333333333333336,14.136110978776632,20.00504471829004,21.299446829499885,16.018245975008483,4.004561493752121,18.140672472528752,1.2832859405082773
62.5,14.173371596229275,20.006819805378324,21.334026505478132,16.040357746320325,4.010089436580081,18.183461032809355,1.2829312284204089
62.666666666666664,14.225090064301122,20.008127734000617,21.294053161920704,16.054558443026593,4.013639610756648,18.23872967505777,1.2821521405217082
62.833333333333336,14.383805137290345,20.00930498428813,21.273442414421382,16.065021872004934,4.0162554680012335,18.40006060529158,1.2792206533435995
63.0,15.071447985446634,20.010855066636715,21.30439437728547,16.07443987430503,4.018609968576257,19.09005795402289,1.2666372847822402
63.166666666666664,14.248634355555172,20.014615151875397,21.301193929247898,16.08684053309372,4.02171013327343,18.270344488828602,1.282252322076429
63.333333333333336,13.933349882394356,20.01702851744661,21.299932782773162,16.116921215003174,4.0292303037507935,17.96258018614515,1.2891788649362759
63.5,15.03028979381988,20.017716409712065,21.300503170491243,16.136228139572893,4.034057034893223,19.064346828713106,1.2683951600555259
63.666666666666664,15.540563696751224,20.020719536643917,21.336412813940004,16.141731277696522,4.0354328194241305,19.575996516175355,1.259670942326741
63.833333333333336,14.747831125498081,20.026418927626843,21.378857333883225,16.165756293151333,4.041439073287833,18.789270198785914,1.2740361642940456
64.0,15.081433738653471,20.03107632160028,21.364344059615814,16.21135142101474,4.052837855253685,19.134271593907158,1.2687302762778003
64.16666666666667,15.4915848875978,20.036049050264054,21.37379900368393,16.24861057280225,4.062152643200562,19.55373753079836,1.2622167242844615
64.33333333333333,14.965100239462096,20.04229079951483,21.396833254884033,16.288392402112436,4.072098100528109,19.037198339990205,1.2721063030229642
64.5,15.82051946173446,20.047498248346393,21.401326383138343,16.338326396118646,4.0845815990296614,19.90510106076412,1.25818252105496
64.66666666666667,14.033204282711358,20.054564711503204,21.39581922702089,16.379985986771146,4.0949964966927865,18.128200779404146,1.2918076594764423
64.83333333333333,15.135109355641791,20.05714303031894,21.450542028563984,16.43651769202563,4.109129423006408,19.2442387786482,1.2714965135996643
65.0,15.202387538385633,20.060511786427416,21.46596661485347,16.45714424255152,4.11428606063788,19.316673599023513,1.270634204676694
65.16666666666667,16.257608988330958,20.064425272765686,21.4820233912115,16.484094291419325,4.121023572854831,20.37863256118579,1.2534827584925146
65.33333333333333,15.24668773624439,20.07167762278665,21.4315996407124,16.515402182125484,4.128850545531371,19.37553828177576,1.270803115860783
65.5,15.217216818826701,20.07754778383445,21.40983568527899,16.573420982293186,4.1433552455732965,19.360572064399996,1.2722807524466069
65.66666666666667,14.804922980724083,20.082439060169193,21.40075113372926,16.620382270675606,4.155095567668901,18.960018548392984,1.28065634472255
65.83333333333333,16.045684828076467,20.08545410932609,21.430366025771427,16.659512481353545,4.164878120338386,20.210562948414854,1.259563749691179
66.0,15.206427211321207,20.091073815733914,21.506155061468153,16.68363287460872,4.17090821865218,19.377335429973385,1.274285876668448
66.16666666666667,16.759532988613774,20.095465502981465,21.53110185883705,16.72859052587131,4.182147631467828,20.941680620081602,1.2495384348901089
66.33333333333333,15.263641380923975,20.103707982127812,21.53672196259496,16.763724023851722,4.1909310059629306,19.454572386886905,1.2745695408698887
66.5,14.567823928198061,20.109377281953247,21.4671610067182,16.829663857022496,4.207415964255624,18.775239892453683,1.2888156793350296
66.66666666666667,14.648216530514576,20.11144575278772,21.495635615707993,16.875018255625974,4.218754563906494,18.866971094421068,1.2880046560697782
66.83333333333333,15.463961270551563,20.11175653663759,21.444410579715548,16.89156602230176,4.22289150557544,19.686852776127004,1.273079544865209
67.0,15.992694300671698,20.113537513394814,21.52378666578258,16.894052293100714,4.223513073275178,20.216207373946876,1.2640901522827075
67.16666666666667,16.903297840126093,20.117642975282543,21.542273742908513,16.90830010715851,4.2270750267896275,21.13037286691572,1.2500739835959782
67.33333333333333,14.783879462386517,20.125614091868425,21.49437562381832,16.941143802260342,4.2352859505650855,19.0191654129516,1.2864800109700971
67.5,16.806960217753172,20.129170990607914,21.561238014567998,17.004912734947396,4.251228183736849,21.05818840149002,1.2529445020787449
67.66666666666667,13.384394958589795,20.136275848811273,21.511128272913,17.033367924863313,4.258341981215828,17.642736939805623,1.3181572267099697
67.83333333333333,15.722382647619547,20.13493763885778,21.51655630476418,17.090206790490186,4.272551697622546,19.994934345242093,1.2717496319344088
68.0,16.25543499064767,20.136027306118166,21.54618939176771,17.079501110862253,4.269875277715563,20.525310268363235,1.2626737014526017
68.16666666666667,15.544591728006234,20.139988893289768,21.56325083926294,17.088218448945327,4.272054612236332,19.816646340242563,1.2748257842333353
68.33333333333333,15.914768236786188,20.143289808732412,21.593006253960034,17.119911146318145,4.279977786579536,20.194746023365724,1.2689312042060772
68.5,15.78204585051871,20.147254313372674,21.595870902765945,17.146318469859295,4.286579617464824,20.068625467983534,1.2716111496611788
68.66666666666667,16.615251333376676,20.151085122324655,21.654519543486803,17.17803450698139,4.294508626745348,20.909759960122024,1.2584678703065146
68.83333333333333,15.160533577793363,20.157229390121913,21.543758737354256,17.208680978597243,4.302170244649311,19.462703822442673,1.2837743290876638
69.0,14.721998845308391,20.16014364649474,21.517493084679383,17.2578351209753,4.314458780243825,19.036457625552217,1.2930620240891242
69.16666666666667,15.348684036403647,20.159935440301382,21.5496026575182,17.281149171957907,4.320287292989477,19.668971329393123,1.281476072003484
69.33333333333333,15.526317332784515,20.159909864138296,21.53256924160983,17.279483522411056,4.319870880602764,19.84618821338728,1.2782289443151573
69.5,16.74359960744573,20.16051229366933,21.584438540447522,17.279278913106367,4.319819728276592,21.063419335722323,1.2579982697600822
69.66666666666667,14.412311303575645,20.16506221744168,21.52693272275937,17.28409834935465,4.321024587338663,18.733335890914308,1.299814824723265
69.83333333333333,16.123906426621435,20.16469559293793,21.535627150405485,17.320497739533437,4.330124434883359,20.454030861504794,1.2685530615418414
70.0,14.591927261389595,20.16677472619687,21.54976518450895,17.317564743503453,4.329391185875863,18.921318447265456,1.296697695124309
70.16666666666667,16.496479736315663,20.165565221345943,21.613173962936926,17.33419780957496,4.33354945239374,20.830029188709403,1.2626954066359857
70.33333333333333,15.42475630054206,20.168276294498572,21.594313548403555,17.324521770767547,4.331130442691887,19.755886743233944,1.2807908506495937
70.5,15.395586988583446,20.169850127104066,21.566637072054075,17.346210355988575,4.336552588997144,19.73213957758059,1.2816750405303092
70.66666666666667,15.197729418654943,20.170683851631246,21.559247504496255,17.35880101683253,4.339700254208132,19.537429672863077,1.2855492511191329
70.83333333333333,16.298437358499523,20.170508232633725,21.55462971107452,17.365470813049967,4.341367703262492,20.639805061762015,1.2663671128568958
71.0,17.74996316794745,20.173067316054325,21.611977268056172,17.364065861069804,4.341016465267451,22.0909796332149,1.2445648153854414
71.16666666666667,14.171757510308952,20.181361623672423,21.572094227126946,17.384538528434604,4.346134632108651,18.5178921424176,1.3066757689684674
71.33333333333333,17.012164804048396,20.18190260694164,21.61023828853559,17.450892989379383,4.362723247344846,21.374888051393242,1.2564472715610329
71.5,16.059406897238745,20.18669341306804,21.61407298759424,17.455220855533128,4.363805213883282,20.423212111122027,1.2717289151340698
71.66666666666667,16.501529139532657,20.190827926853697,21.63008656934203,17.493547304544308,4.373386826136077,20.874915965668734,1.2650291854261415
71.83333333333333,16.35842959857947,20.195822053182464,21.635383973086707,17.526623414829572,4.381655853707393,20.740085452286863,1.2678530862209345
72.0,15.697567963088149,20.200732264495347,21.637600021409707,17.566576425459715,4.391644106364929,20.089212069453076,1.2797658921873505
72.16666666666667,15.954196767857876,20.20350970841029,21.62911440664011,17.605858115962775,4.401464528990694,20.35566129684857,1.2758812990108097
72.33333333333333,17.32212343737039,20.20583002236394,21.650837000006785,17.628077667282327,4.407019416820582,21.72914285419097,1.2544156571077751
72.5,16.595085632339913,20.211917506789092,21.679312801924347,17.646640178911525,4.411660044727881,21.006745677067794,1.265841354631554
72.66666666666667,17.04019199434821,20.21772778468474,21.678210137168648,17.695340054312737,4.423835013578184,21.464027007926394,1.259611805726453
72.83333333333333,16.23376289320263,20.224570297293514,21.684322230241534,17.741822277477922,4.435455569369481,20.66921846257211,1.273224119296869
73.0,16.270979589210626,20.229402613455076,21.702656567182252,17.796562378348113,4.449140594587028,20.720120183797654,1.2734402418854534
73.16666666666667,18.06313908167862,20.233140579654915,21.755843925508284,17.835220907640604,4.458805226910151,22.521944308588772,1.2468455348069982
73.33333333333333,16.907689718373557,20.241529103349606,21.746314407324952,17.86512463723932,4.46628115930983,21.373970877683387,1.2641567969192342
73.5,17.87105445266797,20.2487863370362,21.807133349378827,17.93223282679685,4.483058206699212,22.354112659367182,1.2508558305036073
73.66666666666667,16.30239488818833,20.2581211013505,21.803504303118785,17.990290696289605,4.497572674072401,20.799967562260733,1.2758841694683187
73.83333333333333,16.574276862779822,20.26368089004551,21.774651614974708,18.064968810804004,4.516242202701001,21.090519065480823,1.2724850224291198
74.0,16.009931371475943,20.267873054173243,21.75226920038313,18.10944712036408,4.52736178009102,20.537293151566963,1.282784583833831
74.16666666666667,17.085316947918628,20.269543517507003,21.767123272322802,18.142984433385948,4.535746108346487,21.621063056265115,1.2654762637516679
74.33333333333333,18.010128375386376,20.273010598072172,21.802643268582113,18.156348140056025,4.539087035014006,22.549215410400382,1.2520296879847548
74.5,15.252628908909085,20.280115993226712,21.74695207601672,18.18408478457738,4.546021196144345,19.79865010505343,1.2980483707624335
74.66666666666667,15.685457744625946,20.280806504312583,21.75574582459778,18.240927945813695,4.560231986453424,20.24568973107937,1.2907299270890467
74.83333333333333,18.603959426590222,20.279301149840087,21.8067785702041,18.246452034500663,4.561613008625166,23.16557243521539,1.2451958157952847
75.0,17.211026264370656,20.285331961054982,21.85637165743243,18.234409198720698,4.5586022996801745,21.76962856405083,1.2648652224252976
75.16666666666667,18.724875146599224,20.29114217802609,21.927844254625608,18.28265568843986,4.570663922109965,23.29553906870919,1.2440958290149176
75.33333333333333,17.084856387456625,20.301196010108935,21.95862562569734,18.32913742420871,4.5822843560521775,21.667140743508803,1.2682073675150354
75.5,17.18908991234339,20.308415549425312,21.94884412822403,18.40956808087148,4.60239202021787,21.79148193256126,1.2677507677071906
75.66666666666667,17.8920964035317,20.314236174334358,21.931373848612644,18.4673243954025,4.616831098850625,22.508927502382324,1.2580374593744819
75.83333333333333,19.085757029394095,20.321250083408035,21.937932423187526,18.513889394674862,4.628472348668716,23.71422937806281,1.2425092356326435
76.0,17.25324748434233,20.33228927903023,21.947467456383528,18.57000066726428,4.64250016681607,21.895747651158402,1.2690797875025692
76.16666666666667,18.21720089022819,20.33977909705801,21.912547388867534,18.65831423224185,4.664578558060462,22.881779448288654,1.2560535279908216
76.33333333333333,17.444967218917093,20.348035568169152,21.938110091601814,18.718232776464077,4.679558194116019,22.124525413033112,1.268246889512155
76.5,19.459074805349697,20.354205356667084,21.975255731443347,18.784284545353216,4.696071136338304,24.155145941688,1.241330648209814
76.66666666666667,17.079420442608868,20.365090220369677,21.97862547585539,18.83364285333667,4.7084107133341675,21.787831155943035,1.2756774288188295
76.83333333333333,18.337508362819854,20.371173903027266,21.946687700630868,18.920721762957413,4.730180440739353,23.067688803559207,1.2579510993069272
77.0,18.412013480992655,20.378257594793524,21.96147842538302,18.96939122421813,4.742347806054532,23.154361287047188,1.2575681258842342
77.16666666666667,18.076152549066123,20.38592957916465,21.974632184032128,19.026060758348194,4.7565151895870486,22.83266773865317,1.2631375884152287
77.33333333333333,17.557562725840498,20.392731560958563,21.977131982621472,19.087436633317196,4.771859158329299,22.329421884169797,1.2717836884789409
77.5,17.215683870244266,20.39735289203507,21.961087495695494,19.1418524876685,4.785463121917125,22.00114699216139,1.2779711313233604
77.66666666666667,18.6318843950233,20.399664666542357,22.016483795888025,19.178823136280556,4.794705784070139,23.426590179093438,1.2573387469788528
77.83333333333333,17.58143879348628,20.404886300907155,22.010648194573633,19.197317332338855,4.799329333084714,22.380768126570995,1.2729770520751014
78.0,18.338240738220513,20.40842610927516,22.06159464927934,19.239090407257237,4.809772601814309,23.148013340034822,1.2622810263249404
78.16666666666667,17.28998265964561,20.41322240253805,22.07493706927527,19.267408874201294,4.8168522185503235,22.106834878195933,1.278592079203916
78.33333333333333,17.205238114906724,20.41546021413105,22.046184017406368,19.3057792203044,4.8264448050761,22.031682919982824,1.2805218255534887
78.5,17.236915986085844,20.416008065123947,22.078703456712798,19.323681713048387,4.830920428262097,22.06783641434794,1.280265938069302
78.66666666666667,18.054641944694982,20.41572336032967,22.03894776775608,19.328064520991575,4.832016130247894,22.886658074942876,1.2676328971269182
78.83333333333333,17.783545261056474,20.417429377684837,22.033112684510872,19.325786882637374,4.831446720659343,22.614991981715818,1.2716807391178377
79.0,18.838620290272196,20.419362608776666,22.065056126040556,19.339435021478693,4.834858755369673,23.67347904564187,1.2566461174370755
79.16666666666667,18.058430106756646,20.424511280009227,22.03750843182134,19.354900870213328,4.838725217553332,22.897155324309978,1.2679482761761722
79.33333333333333,18.58781369029641,20.42894940721909,22.048996389329638,19.396090240073818,4.849022560018454,23.436836250314865,1.2608710545958313
79.5,18.271425607640023,20.434470076808523,22.087021434115428,19.43159525775272,4.85789881443818,23.129324422078202,1.2658740986476116
79.66666666666667,17.67045409268915,20.43949865142582,22.04445858388179,19.475760614468186,4.8689401536170465,22.539394246306195,1.2755413147889327
79.83333333333333,17.565220633237914,20.44234918526191,22.030610160456327,19.51598921140655,4.878997302851637,22.44421793608955,1.277764646668845
80.0,18.624573092414572,20.443639354307926,22.042325930310152,19.538793482095286,4.884698370523822,23.509271462938393,1.2622716959087381
80.16666666666667,19.34420736314263,20.447207339778554,22.10536883726646,19.54911483446341,4.8872787086158525,24.231486071758482,1.252648176111253
80.33333333333333,20.163663965551095,20.45406059266973,22.114152788107535,19.577658718228435,4.894414679557109,25.058078645108203,1.2427343903329793
80.5,19.606054145939304,20.46496004148242,22.121669560800047,19.632484741357842,4.908121185339461,24.514175331278764,1.2503370208408815
80.66666666666667,17.041361999418783,20.476119189423176,22.09754282612214,19.719680331859365,4.929920082964841,21.971282082383624,1.2892914359270686
80.83333333333333,17.7387291116476,20.479511689282457,22.118009020508033,19.80895351538541,4.952238378846353,22.690967490493954,1.2791766167506675
81.0,18.249367019581168,20.480698700144103,22.138055822438623,19.83609351425966,4.959023378564915,23.208390398146083,1.2717367332929406
81.16666666666667,18.64904697368556,20.482184307036565,22.115282849810843,19.845589601152824,4.961397400288206,23.610444373973767,1.266040265075685
81.33333333333333,19.944311090894182,20.484984344692233,22.14355063514574,19.857474456292522,4.9643686140731305,24.908679704967312,1.24891151122987
81.5,18.51217916484596,20.492281002684653,22.171177558870326,19.879874757537863,4.969968689384466,23.482147854230426,1.268470213318931
81.66666666666667,18.46134990688508,20.497566520494537,22.135219537223165,19.93824802147722,4.984562005369305,23.445911912254385,1.2699998662346101
81.83333333333333,18.87644540285102,20.501484009027514,22.180404212894413,19.980532163956298,4.995133040989074,23.871578443840093,1.2646225459500247
82.0,19.146059108371016,20.505801325235737,22.20973065001391,20.011872072220115,5.002968018055029,24.149027126426045,1.2613053678429123
82.16666666666667,18.749051029951847,20.511031154993443,22.197429151058998,20.046410601885896,5.011602650471474,23.76065368042332,1.2672990031583666
82.33333333333333,19.60181839890806,20.515444193937654,22.20801086023437,20.088249239947544,5.022062309986886,24.623880708894944,1.2562038994436682
82.5,19.87792057280805,20.521845419149532,22.21392764066707,20.12355355150123,5.030888387875308,24.90880896068336,1.2530892690434279
82.66666666666667,18.689447429620383,20.529985771421263,22.23081230008987,20.174763353196255,5.043690838299064,23.733138267919447,1.2698683766490313
82.83333333333333,20.49268880144103,20.535329083290137,22.289193381973007,20.239886171370102,5.059971542842526,25.552660344283556,1.2469159411861421
83.0,21.16591186690896,20.544396253824914,22.338840697784143,20.282632666321092,5.070658166580273,26.236570033489233,1.239567196464982
83.16666666666667,18.449072907101527,20.557257089961727,22.30337739502399,20.35517003059931,5.088792507649828,23.537865414751355,1.2758291721905992
83.33333333333333,18.729926176477946,20.563766702334828,22.31299137937208,20.458056719693815,5.114514179923454,23.8444403564014,1.2730664355926047
83.5,18.440865323135963,20.567519668076407,22.257111270938953,20.510133618678623,5.127533404669656,23.56839872780562,1.2780527548366527
83.66666666666667,20.229172618654815,20.568830283076935,22.269965029772326,20.54015734461126,5.135039336152815,25.36421195480763,1.2538432704567173
83.83333333333333,19.640552688973916,20.57411102851552,22.324177742864546,20.550642264615476,5.137660566153869,24.778213255127785,1.261584317280344
84.0,19.90239308406067,20.57965602873983,22.30079635913143,20.592888228124167,5.148222057031042,25.05061514109171,1.2586735190731473
84.16666666666667,20.333804944414982,20.585986989715103,22.357813897890853,20.63724822991864,5.15931205747966,25.493117001894642,1.2537307735361527
84.33333333333333,21.15972766902825,20.593871259930506,22.418825234116554,20.687895917720823,5.171973979430206,26.331701648458456,1.2444253565229237
84.5,20.29403665067741,20.60485957316181,22.41777954141241,20.750970079444045,5.187742519861011,25.48177917053842,1.2556289125302158
84.66666666666667,20.573998312125145,20.614679284039482,22.428874755935006,20.838876585294486,5.209719146323621,25.783717458448766,1.253218604730482
84.83333333333333,20.699609936034363,20.624459503426937,22.470891427461083,20.91743427231586,5.229358568078965,25.928968504113328,1.252630778272569
85.0,20.05654546177082,20.634352083407663,22.45217509324702,20.9956760274155,5.248919006853875,25.305464468624695,1.2617060359102559
85.16666666666667,20.35425092551116,20.64214861108075,22.45294601363135,21.074816667261302,5.268704166815326,25.622955092326485,1.2588503102421595
85.33333333333333,21.402187658739315,20.649506867954344,22.49050967893555,21.137188888645994,5.2842972221614986,26.686484880900814,1.246904536415637
85.5,20.698612811897615,20.65956643773518,22.51222906495044,21.19605494363475,5.299013735908687,25.997626547806302,1.2560081578444136
85.66666666666667,20.851502902105054,20.668745031701793,22.539108128336345,21.276531501881436,5.319132875470359,26.170635777575413,1.2550958988636434
85.83333333333333,20.649648241910445,20.67767714198424,22.522570325651085,21.34996025361434,5.337490063403585,25.98713830531403,1.258478498077785
86.0,19.514045705113364,20.68565596057898,22.462729252395235,21.421417135873924,5.355354283968481,24.869399989081845,1.274435878899535
86.16666666666667,19.06341953291956,20.6895438697669,22.441877330246946,21.485247684631844,5.371311921157961,24.43473145407752,1.281760148638734
86.33333333333333,19.96807191745046,20.689784128445083,22.466972038654337,21.516350958135206,5.3790877395338015,25.34715965698426,1.2693844333980449
86.5,21.766295058820518,20.69073943747406,22.516975542669492,21.518273027560667,5.379568256890167,27.145863315710685,1.2471513062904183
86.66666666666667,20.484198084450043,20.697409612531565,22.49911717606166,21.52591549979249,5.381478874948122,25.865676959398165,1.262713670936101
86.83333333333333,22.59953956653127,20.703188995184863,22.527695351017556,21.579276900252523,5.394819225063131,27.9943587915944,1.2387136786208057
87.0,20.94981165375137,20.714640680441097,22.55206712694525,21.625511961478907,5.406377990369727,26.3561896441211,1.2580633219870325
87.16666666666667,21.5017511007417,20.72396702592516,22.60390568955253,21.717125443528772,5.429281360882193,26.931032461623893,1.252504148868829
87.33333333333333,20.1085103896271,20.733558357701245,22.575774813196656,21.79173620740127,5.447934051850318,25.556444441477417,1.2709267840476446
87.5,20.677506994723846,20.738910857073652,22.591102421440223,21.86846686160996,5.46711671540249,26.144623710126336,1.2643992197317355
87.66666666666667,22.382482581049317,20.743534387757865,22.6466882510651,21.911286856589214,5.477821714147304,27.86030429519662,1.244737003337835
87.83333333333333,20.460673205057866,20.752724736133757,22.655284889266397,21.948275102062922,5.487068775515731,25.947741980573596,1.268176355710492
88.0,20.765810581919958,20.758438014101067,22.658212414298376,22.021797889070058,5.5054494722675145,26.271260054187472,1.2651208557715012
88.16666666666667,19.96540286274819,20.763039883876214,22.628083146135612,22.067504112808535,5.516876028202134,25.482278890950322,1.2763217985696458
88.33333333333333,21.38937274902709,20.7645459058165,22.677143188165708,22.104319071009712,5.526079767752428,26.915452516779517,1.2583563264146578
88.5,20.76294708949789,20.76857972310935,22.639710672532,22.116367246532008,5.529091811633002,26.29203890113089,1.2662960989015704
88.66666666666667,20.81671527151974,20.772016346901694,22.623047241049495,22.148637784874808,5.537159446218702,26.353874717738442,1.2659958295050675
88.83333333333333,21.41093944850593,20.7752058447894,22.63962927322414,22.17613077521355,5.544032693803388,26.954972142309316,1.258934583750376
89.0,22.99313642865968,20.77995198778167,22.713066707760206,22.201646758315206,5.550411689578802,28.543548118238483,1.241394283324502
89.16666666666667,20.682725321145142,20.790131845212787,22.68343460105114,22.239615902253348,5.559903975563337,26.24262929670848,1.268818731053742
89.33333333333333,21.69347665428058,20.79612232053312,22.691035918647525,22.3210547617023,5.580263690425575,27.273740344706155,1.2572323366768632
89.5,20.958839295585662,20.802709635497568,22.6986877420942,22.36897856426495,5.592244641066237,26.5510839366519,1.2668203406781249
89.66666666666667,22.439061563575017,20.807271365260288,22.693406132928317,22.42167708398054,5.605419270995135,28.04448083457015,1.249806314542776
89.83333333333333,22.432213462851088,20.815031731108764,22.759292051472233,22.458170922082303,5.614542730520576,28.046756193371664,1.2502892877610383
90.0,22.136082862332696,20.82430995765426,22.75214854651104,22.520253848870112,5.630063462217528,27.766146324550224,1.2543387417381682
90.16666666666667,22.887456461618264,20.83329939709577,22.792551949024595,22.59447966123409,5.648619915308522,28.536076376926786,1.2467998104018736
90.33333333333333,22.768477715434354,20.844148262090286,22.79954345018237,22.666395176766173,5.666598794191543,28.435076509625898,1.248879124244229
90.5,22.406881252962854,20.855381620531336,22.862075867473433,22.75318609672229,5.688296524180572,28.095177777143427,1.2538638224553633
90.66666666666667,21.85630836174507,20.865470789508937,22.824705134508182,22.84305296425069,5.710763241062672,27.567071602807744,1.2612867253949518
90.83333333333333,21.7785300797104,20.873055216397713,22.821094935780668,22.923766316071493,5.730941579017873,27.509471658728273,1.2631463904148887
91.0,21.381993559334138,20.87886818207459,22.849903402741667,22.984441731181704,5.746110432795426,27.128103992129564,1.2687359537757885
91.16666666666667,21.765111633353264,20.88240081786072,22.85219757156,23.030945456596726,5.757736364149181,27.522847997502446,1.264539712046591
91.33333333333333,22.222793788558988,20.885754483172516,22.872849921411376,23.05920654288576,5.76480163572144,27.98759542428043,1.2594094014718054
91.5,22.47422707097131,20.890291224014803,22.854922992475547,23.086035865380126,5.771508966345031,28.24573603731634,1.256805671141401
91.66666666666667,22.260928065175165,20.896104309163043,22.92757487978662,23.12232979211842,5.780582448029605,28.04151051320477,1.2596739197532698
91.83333333333333,22.654169434292385,20.90182967754846,22.953198396257022,23.168834473304344,5.792208618326086,28.44637805261847,1.2556795840662436
92.0,23.571991688069318,20.90853742008807,22.97082825977763,23.214637420387675,5.803659355096919,29.375651043166236,1.2462099695221924
92.16666666666667,23.562532856925106,20.918343027283118,22.929433438022777,23.26829936070456,5.81707484017614,29.379607697101246,1.246878163544565
92.33333333333333,22.547456355378287,20.929554042605915,22.893025016467238,23.346744218264945,5.836686054566236,28.384142409944523,1.2588622841784103
92.5,21.542856713967705,20.93822831607764,22.913756821336424,23.43643234084732,5.85910808521183,27.401964799179535,1.2719745186539244
92.66666666666667,20.99245903400839,20.94232867669905,22.891591441491986,23.505826528621128,5.876456632155282,26.868915666163673,1.2799317899172866
92.83333333333333,22.35522863148628,20.94221817949693,22.91034494077494,23.53862941359239,5.884657353398097,28.239885984884378,1.2632340491973246
93.0,24.785489655523307,20.94389038889792,22.97139412495766,23.537745435975438,5.8844363589938595,30.669926014517166,1.2374145696041372
93.16666666666667,22.60615318826732,20.953717969773916,22.953344043826696,23.551123111183358,5.8877807777958395,28.49393396606316,1.2604503618444742
93.33333333333333,24.214734299314998,20.961225912109374,23.00841869784948,23.629743758191324,5.907435939547831,30.12217023886283,1.2439603865368427
93.5,23.684224730862837,20.972083242027622,23.005215796189145,23.68980729687499,5.922451824218747,29.606676555081584,1.2500589270503424
93.66666666666667,23.764749330497892,20.98290535243622,23.036920184633914,23.77666593622098,5.944166484055245,29.708915814553137,1.2501253601032916
93.83333333333333,23.182187064372616,20.993682362624018,23.098891569229302,23.863242819489756,5.965810704872439,29.147997769245055,1.2573446020561603
94.0,24.026210186222045,21.002436566858627,23.06038223907605,23.94945890099214,5.987364725248035,30.01357491147008,1.2492013796117343
94.16666666666667,23.605596838861928,21.012394519235542,23.09131706354774,24.019492534869016,6.004873133717254,29.610469972579182,1.2543834487519259
94.33333333333333,22.457802712857358,21.021506740089162,23.081632787933696,24.099156153884337,6.024789038471084,28.482591751328442,1.2682715275177754
94.5,22.789352788561324,21.026522071678862,23.08477254916257,24.172053920713296,6.043013480178324,28.832366268739648,1.265168279952711
94.66666666666667,23.563005641245546,21.03018674404166,23.12056580050825,24.212176573430895,6.053044143357724,29.61604978460327,1.2568876074435196
94.83333333333333,23.346191676310088,21.035333974708287,23.104553284909557,24.241493952333286,6.0603734880833215,29.40656516439341,1.2595872411273363
95.0,23.488458214289665,21.040510830285744,23.083709081348616,24.282671797666296,6.070667949416574,29.55912616370624,1.258453232393234
95.16666666666667,22.449132550989596,21.04599999944437,23.081551292716046,24.32408664228595,6.081021660571487,28.530154211561083,1.2708800282932726
95.33333333333333,23.268799923882188,21.048429956809787,23.08097321707777,24.367999995554953,6.091999998888738,29.360799922770926,1.261809806213347
95.5,23.18875955533803,21.051586305136457,23.096117496162332,24.3874396544783,6.096859913619575,29.285619468957606,1.2629230726667344
95.66666666666667,25.05899811240168,21.054819535475996,23.130819391257248,24.412690441091655,6.103172610272914,31.162170722674595,1.2435521397502503
95.83333333333333,24.935765582791365,21.06358111754262,23.18207370600757,24.43855628380797,6.109639070951992,31.045404653743358,1.2450150989215414
96.0,23.534705752735672,21.074748750478225,23.2077145944664,24.508648940340947,6.127162235085237,29.66186798782091,1.2603458186161098
96.16666666666667,24.422592542264113,21.082772770425834,23.218896962097773,24.5979900038258,6.14949750095645,30.572090043220562,1.2517954426957145
96.33333333333333,24.324592018587786,21.09154324426136,23.24366766634042,24.66218216340667,6.165545540851667,30.490137559439454,1.253469638304323
96.5,24.510734594669724,21.100210143969583,23.286025480787927,24.732345954090874,6.183086488522719,30.693821083192443,1.252260350037299
96.66666666666667,24.03853193416954,21.109162256749148,23.29265945853469,24.801681151756668,6.200420287939167,30.238952222108708,1.2579367286205023
96.83333333333333,23.96065439176308,21.116643349001404,23.31309851576348,24.87329805399318,6.218324513498295,30.178978905261374,1.2595223157025277
97.0,23.985098703371634,21.122913923749948,23.305886829718812,24.93314679201123,6.233286698002807,30.21838540137444,1.2598816363064032
97.16666666666667,24.395769329114582,21.128449028532003,23.29683310829743,24.983311389999585,6.245827847499896,30.64159717661448,1.2560209421248278
97.33333333333333,23.921316304973367,21.134672956722916,23.253196232842786,25.027592228256026,6.2568980570640065,30.178214362037373,1.2615616121326554
97.5,23.520253715336537,21.13970429532851,23.281680495983355,25.07738365378333,6.269345913445832,29.78959962878237,1.2665509475077585
97.66666666666667,25.868586355982195,21.14277389166676,23.327535822636385,25.11763436262808,6.27940859065702,32.147994946639216,1.242742626297586
97.83333333333333,24.539942074308314,21.15169692870473,23.323381657143656,25.14219113333408,6.28554778333352,30.825489857641834,1.2561353960942747
98.0,25.022765909951673,21.159610220188625,23.334786205471737,25.213575429637842,6.303393857409461,31.326159767361133,1.2519063591967894
98.16666666666667,24.496678266621892,21.16822044437574,23.33824814543234,25.276881761509003,6.319220440377251,30.815898706999143,1.2579623396935227
98.33333333333333,25.304164736164108,21.175430195306998,23.359173169275223,25.34576355500593,6.336440888751483,31.64060562491559,1.2504109878677636
98.5,24.326359710821144,21.184109232193897,23.35873202004559,25.40344156245598,6.350860390613995,30.67722010143514,1.261069081692027
98.66666666666667,25.996997626169545,21.190459147800688,23.392997279638152,25.47287385755118,6.368218464387795,32.36521609055734,1.2449597663530696
98.83333333333333,22.816106052622153,21.200366452357258,23.323775309699002,25.523673182405503,6.380918295601376,29.19702434822353,1.2796672789337795
99.0,24.854195249357875,21.202486242024364,23.36267292713048,25.602931618858065,6.400732904714516,31.254928154072392,1.2575312875953963
99.16666666666667,25.398442454684762,21.206410758560683,23.38935462236112,25.61988993619491,6.404972484048727,31.80341493873349,1.2521797348587935
99.33333333333333,25.355170357354844,21.212834109452213,23.434819588124707,25.65128606848546,6.412821517121365,31.76799187447621,1.2529196777911287
99.5,26.373305316997836,21.220321518607797,23.474540095579172,25.702672875617708,6.425668218904427,32.79897353590226,1.2436428859284099
99.66666666666667,25.317851412256946,21.23123034685523,23.47746924031648,25.762572148862375,6.440643037215594,31.75849444947254,1.2543913751740219
99.83333333333333,26.018086057812514,21.240579288106527,23.483964301034142,25.849842774841846,6.462460693710462,32.48054675152298,1.2483834006602483
100.0,25.24248429661797,21.250939629362982,23.531806673730607,25.92463430485222,6.481158576213055,31.723642872831025,1.2567559714033936
100.16666666666667,24.55311390733643,21.259283886287225,23.474524163877845,26.007517034903856,6.501879258725964,31.054993166062395,1.2648087441480573
100.33333333333333,25.573722980922582,21.26428191873636,23.512309975241305,26.0742710902978,6.51856777257445,32.09229075349703,1.2548931877238663
100.5,24.44520815939828,21.27038620398669,23.508701248569004,26.11425534989087,6.528563837472717,30.973771996870997,1.2670692675187027
100.66666666666667,25.957779695948616,21.273579835468738,23.506924039778166,26.163089631893513,6.540772407973378,32.498552103921995,1.2519773449265477
100.83333333333333,27.06538744703566,21.279623613833234,23.53382216785649,26.1886386837499,6.547159670937475,33.612547117973136,1.2419015683314947
101.0,24.683276592132383,21.290355884023427,23.495707815022385,26.236988910665872,6.559247227666468,31.24252381979885,1.2657364877464112
101.16666666666667,26.19075436853596,21.296269041212348,23.545973780453814,26.322847072187415,6.580711768046854,32.771466136582816,1.2512608715063411
101.33333333333333,26.33157982321551,21.303918934438663,23.586025760935822,26.370152329698783,6.592538082424696,32.9241179056402,1.2503662190679616
101.5,25.275417998082833,21.312738783319602,23.58203070875566,26.431351475509302,6.607837868877326,31.88325586696016,1.2614333764679395
101.66666666666667,27.33829929801622,21.318831067821016,23.623525202108002,26.50191026655682,6.625477566639205,33.96377686465543,1.2423514899158332
101.83333333333333,26.509035059411808,21.32943910905301,23.61599090389244,26.550648542568126,6.637662135642032,33.14669719505384,1.2503924462269473
102.0,26.626620519252707,21.339759295652573,23.651436831177648,26.635512872424073,6.658878218106018,33.28549873735872,1.2500834911922536
102.16666666666667,25.57162959704891,21.350020462963883,23.61642347525264,26.718074365220588,6.679518591305147,32.25114818835406,1.2612081707954974
102.33333333333333,26.98708292331243,21.356857929515463,23.64773172202293,26.800163703711064,6.700040925927766,33.687123849240194,1.2482684380882094
102.5,26.20265485286533,21.365889741808846,23.65671730213039,26.854863436123708,6.713715859030927,32.916370711896256,1.2562227337928227
102.66666666666667,25.34908694200042,21.37355117512855,23.659689441631446,26.927117934470772,6.731779483617693,32.08086642561811,1.2655629963722257
102.83333333333333,26.615222324617616,21.377743455003696,23.680462135223642,26.988409401028406,6.7471023502571015,33.36232467487471,1.2535053913119636
103.0,26.24016657424753,21.383726064664895,23.659706108612962,27.021947640029566,6.7554869100073915,32.99565348425492,1.2574483241519252
103.16666666666667,26.933049698612763,21.389413173162623,23.697032205295585,27.06980851731916,6.76745212932979,33.70050182794255,1.2512694330964815
103.33333333333333,27.518710838767184,21.396863083648363,23.727483612478196,27.115305385300985,6.778826346325246,34.29753718509243,1.2463351712237742
103.5,25.140855085951795,21.4068258638355,23.713583531827517,27.1749046691869,6.793726167296725,31.93458125324852,1.2702265354169646
103.66666666666667,26.56866716213098,21.410825216785778,23.744782242384005,27.254606910684004,6.813651727671001,33.38231888980198,1.256454404960994
103.83333333333333,25.88536172042066,21.415752721605475,23.75470945241525,27.286601734286222,6.8216504335715555,32.70701215399222,1.2635331314760045
104.0,27.20921799703945,21.419027235422238,23.763952899645258,27.326021772843802,6.8315054432109505,34.0407234402504,1.2510732004115028
104.16666666666667,25.309394913357437,21.425267994392268,23.740306672974494,27.352217883377904,6.838054470844476,32.14744938420191,1.2701785046325065
104.33333333333333,27.871216459469334,21.427304469953516,23.791857696515425,27.402143955138143,6.850535988784536,34.721752448253866,1.2457925006160626
104.5,26.90380413093516,21.43464309657338,23.77170262995371,27.418435759628125,6.854608939907031,33.758413070842195,1.2547821455489006
104.66666666666667,27.449777492458253,21.44178801674711,23.84768590277717,27.477144772587053,6.869286193146763,34.319063685605016,1.2502492486517998
104.83333333333333,26.47180153467221,21.45027773060974,23.82648948896048,27.53430413397689,6.883576033494222,33.35537756816643,1.2600342868421048
105.0,26.597836990995336,21.456375177915085,23.79902167273449,27.60222184487793,6.900555461219483,33.498392452214816,1.2594404749362007
105.16666666666667,26.66672170507222,21.46140505352177,23.80526750240938,27.65100142332068,6.91275035583017,33.57947206090239,1.2592276033133578
105.33333333333333,28.076060698552332,21.465939444663707,23.857936847781723,27.691240428174154,6.922810107043539,34.99887080559587,1.2465734128933728
105.5,26.319721903659925,21.474289164043032,23.857879917975453,27.72751555730966,6.931878889327415,33.25160079298734,1.2633720414942338
105.66666666666667,27.95286312822816,21.479268763268003,23.851787504402143,27.794313312344258,6.9485783280860645,34.901441456314224,1.248581989480321
105.83333333333333,27.76363769100419,21.48716516520408,23.876246595078992,27.834150106144023,6.958537526536006,34.7221752175402,1.2506349349455266
106.0,27.75683278263064,21.49588097374474,23.92011381604734,27.89732132163263,6.974330330408158,34.7311631130388,1.2512653509507208
106.16666666666667,27.389615938801917,21.504805395114445,23.966968438338622,27.967047789957917,6.991761947489479,34.381377886291396,1.2552705362175047
106.33333333333333,27.899774440035152,21.512530533060417,23.995078441557656,28.038443160915563,7.009610790228891,34.90938523026404,1.2512425613079636
106.5,26.393212993065514,21.52093613601659,23.98128074232815,28.100244264483337,7.025061066120834,33.418274059186345,1.266169225700811
106.66666666666667,30.654049604773327,21.525019312706384,24.052972771561834,28.167489088132726,7.0418722720331814,37.69592187680651,1.2297207828272272
106.83333333333333,27.70606474819579,21.539347125687968,24.079905858395694,28.20015450165107,7.050038625412768,34.75610337360855,1.2544583176819386
107.0,28.671066167832905,21.550086357231795,24.060323351336283,28.314777005503743,7.078694251375936,35.74976041920884,1.2468933038603838
107.16666666666667,28.929397833196838,21.56149438749676,24.03994594014608,28.400690857854357,7.100172714463589,36.02957054766043,1.2454310578948884
107.33333333333333,30.08999635052313,21.573752623902912,24.059431274414194,28.491955099974092,7.122988774993523,37.21298512551665,1.236722819505084
107.5,29.352623299157447,21.58962355525613,24.082397039557268,28.590020991223298,7.1475052478058245,36.50012854696327,1.243504819823412
107.66666666666667,27.72091880709705,21.604862811512195,24.07978060000758,28.71698844204903,7.179247110512257,34.90016591760931,1.2589830142525522
107.83333333333333,28.73669280314514,21.614530220881907,24.147186135771804,28.83890249209756,7.20972562302439,35.94641842616953,1.2508891914742293
108.0,28.682317905160254,21.62397194713908,24.13298392727576,28.916241767055254,7.229060441763814,35.91137834692407,1.2520389204828954
108.16666666666667,28.617119859366476,21.632898038893735,24.17232081962591,28.991775577112634,7.247943894278158,35.865063753644634,1.2532730033594168
108.33333333333333,29.01461342535068,21.641132233242363,24.172945827474756,29.063184311149882,7.265796077787471,36.28040950313815,1.2504185036440703
108.5,27.581182926831545,21.649973311203112,24.144777888260393,29.129057865938904,7.282264466484726,34.86344739331627,1.2640301717951477
108.66666666666667,29.999226441298013,21.654659153069417,24.162737225461775,29.1997864896249,7.299946622406225,37.29917306370424,1.2433378286167025
108.83333333333333,29.204090753530284,21.664180692686667,24.199956408885704,29.237273224555338,7.3093183061388345,36.513409059669115,1.2502840567037772
109.0,28.719775979903815,21.67371554873833,24.203152086503586,29.313445541493337,7.328361385373334,36.04813736527715,1.255167776743845
109.16666666666667,29.182830684897503,21.681582074219858,24.214320231266118,29.389724389906632,7.347431097476658,36.53026178237416,1.2517723923635362
109.33333333333333,28.81182892350253,21.689731894458042,24.237413216762622,29.45265659375886,7.363164148439715,36.17499307194225,1.2555604563663572
109.5,28.19336829437806,21.69673054966482,24.282095133143756,29.517855155664336,7.379463788916084,35.572832083294145,1.2617446667551104
109.66666666666667,29.51976820922955,21.701094528965996,24.258655667837193,29.573844397318567,7.393461099329642,36.913229308559195,1.250457965893446
109.83333333333333,29.81171975741531,21.707874996187286,24.27060053818582,29.608756231727966,7.402189057931992,37.2139088153473,1.2482979552392575
110.0,29.01345244538046,21.716663936324952,24.257358722382794,29.662999969498287,7.415749992374572,36.42920243775503,1.2555969513223275
110.16666666666667,28.719431234099098,21.723946812812155,24.258357480012183,29.73331149059962,7.433327872649905,36.152759106749,1.2588257341191416
110.33333333333333,28.99340699637902,21.729361813998093,24.246356666777785,29.79157450249724,7.44789362562431,36.441300622003325,1.2568823190235792
110.5,30.05680298090519,21.73444971949292,24.30155509577038,29.834894511984743,7.458723627996186,37.515526608901375,1.2481542575481046
110.66666666666667,30.243048479928024,21.742400780305264,24.327383443578945,29.875597755943346,7.4688994389858365,37.711947918913864,1.246962519137013
110.83333333333333,28.656825773924897,21.752258383537203,24.30772474361211,29.93920624244211,7.484801560610528,36.14162733453543,1.2611873910829656
111.0,30.211453218416782,21.75818348727727,24.345565396411825,30.018067068297626,7.504516767074406,37.715969985491185,1.248399728169967
111.16666666666667,29.615761549668658,21.766464553609342,24.337429754211566,30.065467898218174,7.516366974554543,37.132128524223205,1.253796174106441
111.33333333333333,30.00336859506239,21.77404274000308,24.40881927896535,30.13171642887474,7.532929107218685,37.536297702281075,1.2510694451975093
111.5,29.996191768895898,21.78220855738147,24.445407776322917,30.19234192002463,7.548085480006158,37.544277248902056,1.2516347921149455
111.66666666666667,29.820055301881464,21.790470115733896,24.413760005722565,30.257668459051757,7.564417114762939,37.3844724166444,1.2536687822401746
111.83333333333333,30.21504802940046,21.798056353364483,24.40504244711866,30.32376092587117,7.5809402314677925,37.795988260868256,1.2508994929973711
112.0,29.87472041759502,21.806266900590252,24.457274760382933,30.384450826915867,7.596112706728967,37.47083312432399,1.2542655663567368
112.16666666666667,29.721633602598907,21.813600394232886,24.442593694199978,30.450135204722017,7.612533801180504,37.33416740377941,1.2561277049224795
112.33333333333333,30.09771524053155,21.819824182315266,24.44495194124343,30.508803153863084,7.627200788465771,37.72491602899732,1.2534146106278021
112.5,32.01383176412877,21.82641467532774,24.49573158551433,30.558593458522125,7.639648364630531,39.6534801287593,1.2386358628019871
112.66666666666667,30.175940174693366,21.83874427123173,24.520711671937345,30.61131740262192,7.65282935065548,37.82876952534885,1.2536069897524988
112.83333333333333,29.04827439455687,21.84840306454481,24.458100075142926,30.70995416985383,7.677488542463458,36.72576293702033,1.2643010196812958
113.0,31.454331631104456,21.853025046621354,24.525185691190526,30.787224516358492,7.696806129089623,39.151137760194075,1.2446978120329357
113.16666666666667,31.00423673045568,21.861972150614147,24.547589225051475,30.824200372970836,7.706050093242709,38.71028682369839,1.2485482922942917
113.33333333333333,30.44504869809781,21.87169762850992,24.532845473939172,30.895777204913173,7.723944301228293,38.16899299932611,1.2537011642786724
113.5,31.118844433954674,21.87994075365505,24.54783789506793,30.973581028079366,7.743395257019841,38.86223969097452,1.2488329948579582
113.66666666666667,29.879774064232084,21.889185648722478,24.55454598818557,31.039526029240392,7.759881507310098,37.63965557154218,1.2597034867341634
113.83333333333333,28.91741068359505,21.89505727195616,24.57322584122187,31.113485189779823,7.778371297444956,36.69578198104001,1.2689857464263787
114.0,30.817308570601718,21.89609737603114,24.563847718559455,31.160458175649268,7.790114543912317,38.607423114514035,1.2527837408664468
114.16666666666667,30.785033231537177,21.900155078764357,24.604944639445254,31.168779008249118,7.792194752062279,38.57722798359946,1.2531163339489173
114.33333333333333,31.611569878448044,21.90564803307413,24.595209178557873,31.201240630114853,7.800310157528713,39.41188003597676,1.2467549124425725
114.5,30.1210922738721,21.91424176553913,24.61662707886012,31.245184264593036,7.811296066148259,37.93238834002036,1.2593297744691683
114.66666666666667,31.42786175074014,21.919864442693353,24.709583346501066,31.31393412431305,7.828483531078263,39.2563452818184,1.2490937370530433
114.83333333333333,31.447174171031836,21.927632473258015,24.672839986745586,31.35891554154682,7.839728885386705,39.28690305641854,1.2492983580257082
115.0,31.098457089572193,21.936426760809194,24.655619492386673,31.42105978606412,7.85526494651603,38.95372203608822,1.2525933979261634
115.16666666666667,31.903535501955044,21.94452193620262,24.685623303345075,31.491414086473554,7.872853521618389,39.77638902357343,1.2467705662632889
115.33333333333333,31.430677434032564,21.954436559356576,24.68104004355789,31.556175489620955,7.889043872405239,39.3197213064378,1.2509982130981092
115.5,31.123739391491707,21.963683795618778,24.674062354777146,31.63549247485261,7.908873118713153,39.03261251020486,1.2541106330197327
115.66666666666667,33.03224725830443,21.971429766401076,24.736833045588046,31.70947036495022,7.927367591237555,40.959614849541985,1.2399887458230558
115.83333333333333,31.235952335796448,21.98385423062596,24.72048222951956,31.771438131208612,7.942859532802153,39.1788118685986,1.254285812944452
116.0,31.51588451988297,21.993156128353252,24.772515060617486,31.870833845007667,7.967708461251917,39.48359298113489,1.2528156382926583
116.16666666666667,32.88186032830357,22.00137508992541,24.827353060317765,31.94524902682602,7.986312256706505,40.86817258501007,1.2428789666085944
116.33333333333333,32.495065368275334,22.01287234962161,24.85471800887532,32.011000719403285,8.002750179850821,40.497815548126155,1.2462758603238213
116.5,32.77118594530847,22.024707977135677,24.85604979997206,32.10297879697288,8.02574469924322,40.796930644551686,1.2449024796550638
116.66666666666667,32.14280570854315,22.037257664905006,24.88137734717622,32.19766381708541,8.049415954271353,40.192221662814504,1.250426674860307
116.83333333333333,31.761710016202954,22.04801496630973,24.842417909120563,32.29806131924005,8.074515329810012,39.83622534601297,1.2542216815684946
117.0,32.33369397518572,22.05640518202177,24.83881724882486,32.384119730477835,8.096029932619459,40.429723907805176,1.250389885511773
117.16666666666667,31.484540080282805,22.065012367726567,24.83597096672136,32.45124145617416,8.11281036404354,39.597350444326345,1.257676000454718
117.33333333333333,32.554403922790996,22.070998239662668,24.861251152110736,32.520098941812535,8.130024735453134,40.68442865824413,1.2497365565265777
117.5,32.18558523872984,22.07860449796377,24.90487453617863,32.56798591730134,8.141996479325336,40.32758171805518,1.2529702790529915
117.66666666666667,32.64503186157371,22.085802101053083,24.960431849117857,32.62883598371016,8.15720899592754,40.80224085750125,1.249875969811178
117.83333333333333,32.53850870552068,22.093969509531966,25.000198996866953,32.68641680842467,8.171604202106167,40.71011290762684,1.2511364081267722
118.0,33.375245930863,22.102143502483298,25.0507056989693,32.75175607625573,8.187939019063933,41.563184949926935,1.2453296984245537
118.16666666666667,32.70371948523313,22.112610642826564,25.027955395318948,32.81714801986638,8.204287004966595,40.908006490199725,1.2508670920037435
118.33333333333333,32.291561928583825,22.12206157844636,24.978776045204363,32.90088514261251,8.225221285653127,40.51678321423695,1.2547173563125893
118.5,33.716072496998585,22.12950456599087,25.08290355514641,32.97649262757088,8.24412315689272,41.960195653891304,1.2445161178730593
118.66666666666667,31.128613887516266,22.139919168269614,25.002369877660822,33.03603652792697,8.259009131981742,39.38762301949801,1.265318885120481
118.83333333333333,31.468767488568904,22.143983372207448,24.98036516212608,33.11935334615691,8.279838336539228,39.74860582510813,1.2631128892972021
119.0,34.1302694895147,22.145527908228186,25.017018750357227,33.15186697765958,8.287966744414895,42.4182362339296,1.2428333226891477
119.16666666666667,34.25146906838511,22.153593836763893,25.06419199481144,33.164223265825484,8.291055816456371,42.542524884841484,1.2420642396360513
119.33333333333333,32.2513731371392,22.165347088362605,25.024978549078046,33.22875069411114,8.307187673527785,40.55856081066698,1.257576247628403
119.5,32.72947757482794,22.172851999518777,25.06226335993215,33.32277670690084,8.33069417672521,41.06017175155315,1.2545318408361121
119.66666666666667,33.62687465599023,22.179299441318655,25.057053452951905,33.382815996150214,8.345703999037553,41.97257865502778,1.2481855386328882
119.83333333333333,33.513546038260685,22.18768786303285,25.10329848961311,33.43439553054924,8.35859888263731,41.872144920897995,1.2494095633179112
120.0,32.407246961420086,22.196582084912425,25.06952257495321,33.50150290426279,8.375375726065698,40.782622687485784,1.2584414447804328
120.16666666666667,32.84674805012684,22.202238738049996,25.103158189260427,33.5726566792994,8.39316416982485,41.23991221995169,1.2555249657292158
120.33333333333333,31.907602962714606,22.207314710285107,25.07341902569311,33.617909904399966,8.404477476099991,40.3120804388146,1.2634004655856155
120.5,34.94634924451735,22.20915713040641,25.105147828814047,33.65851768228086,8.414629420570215,43.360978665087565,1.2407870808390769
120.66666666666667,32.78216178936057,22.21825054234895,25.10456474271093,33.67325704325128,8.41831426081282,41.20047605017339,1.25679558031908
120.83333333333333,34.59365022459485,22.224598632895816,25.167197052837622,33.74600433879161,8.436501084697902,43.030151309292755,1.2438742668069138
121.0,33.68786485402764,22.234698408927112,25.195753594460317,33.79678906316653,8.449197265791632,42.13706211981927,1.2508083341702634
121.16666666666667,33.34190552511083,22.243882106271347,25.190971326241474,33.8775872714169,8.469396817854225,41.81130234296506,1.2540165801704302
121.33333333333333,34.30758196487236,22.25131555146803,25.21617810704673,33.95105685017077,8.487764212542693,42.795346177415055,1.2474019947320492
121.5,33.01134495408743,22.26049454644713,25.224703167930176,34.01052441174423,8.502631102936057,41.513976057023484,1.2575669399341838
121.66666666666667,34.62373446766557,22.266533744167678,25.24811216987137,34.083956371577045,8.520989092894261,43.14472356055983,1.246102542776021
121.83333333333333,34.34148668473107,22.27552645066867,25.262590501580082,34.13226995334142,8.533067488335355,42.87455417306643,1.2484769388894665
122.0,34.103468424427874,22.285054632118953,25.235284796101467,34.20421160534937,8.551052901337343,42.65452132576522,1.250738511253956
122.16666666666667,32.43667588667917,22.293929886466625,25.227566207015798,34.28043705695163,8.570109264237907,41.006785150917075,1.264210466392378
122.33333333333333,34.21219893095342,22.297273637993015,25.26003727762571,34.351439091733,8.58785977293325,42.80005870388667,1.2510174745056624
122.5,34.364126383826815,22.302829937679633,25.271965509244755,34.37818910394412,8.59454727598603,42.958673659812845,1.2501023066901238
122.66666666666667,33.930936184581725,22.309897805004216,25.287564463905923,34.42263950143706,8.605659875359265,42.53659605994099,1.2536228245676786
122.83333333333333,35.34144109843688,22.316319840716837,25.335193751108513,34.479182440033725,8.619795610008431,43.96123670844531,1.2439005128851317
123.0,35.122022590260435,22.326433067198785,25.330604056829472,34.53055872573469,8.632639681433673,43.75466227169411,1.2457899359084053
123.16666666666667,36.11428636431006,22.33763994730293,25.371195782454066,34.61146453759028,8.65286613439757,44.76715249870763,1.2395967636494338
123.33333333333333,35.237111159403824,22.352115918213563,25.408970571441152,34.70111957842343,8.675279894605858,43.91239105400968,1.246197250829135
123.5,35.58470352855594,22.365392677593068,25.42790568038281,34.81692734570851,8.704231836427127,44.28893536498307,1.244605995647601
123.66666666666667,36.42410131784476,22.378729800931552,25.451939753086016,34.92314142074454,8.730785355186136,45.154886673030894,1.2396980306802732
123.83333333333333,35.275208125217176,22.394270283248304,25.491949226063184,35.02983840745242,8.757459601863104,44.03266772708028,1.2482610328130896
124.0,35.26361019552769,22.40720072931122,25.479821786898466,35.15416226598643,8.788540566496607,44.0521507620243,1.2492240731384676
124.16666666666667,35.37101031346265,22.41836850664377,25.516871584979267,35.257605834489766,8.814401458622442,44.18541177208509,1.2491984645196175
124.33333333333333,35.569559784903994,22.428629037885564,25.53190747179695,35.34694805315016,8.83673701328754,44.40629679819153,1.248435377517321
124.5,36.15991524174057,22.438738212575615,25.619627771971658,35.42903230308451,8.857258075771128,45.0171733175117,1.244946870493405
124.66666666666667,34.67226743690277,22.450274376598546,25.561532565179117,35.50990570060492,8.87747642515123,43.549743862054,1.2560396847799649
124.83333333333333,34.22740314737601,22.45787101712393,25.5747931979039,35.60219501278837,8.900548753197093,43.1279519005731,1.2600416021885505
125.0,34.52090764513124,22.461827913479627,25.561498564341345,35.66296813699145,8.915742034247863,43.4366496793791,1.258270788413216
125.16666666666667,35.20658096758223,22.464593984125813,25.568620232362,35.69462330783702,8.923655826959255,44.13023679454148,1.2534655618839001
125.33333333333333,37.060117561643,22.46868921932787,25.620030960203366,35.7167518730065,8.929187968251625,45.98930552989462,1.2409379288503197
125.5,37.53866594839297,22.478918761634066,25.665672502324757,35.74951375462297,8.937378438655742,46.47604438704871,1.2380846045765872
125.66666666666667,35.52348654390744,22.493636830228464,25.635944587312153,35.83135009307253,8.957837523268132,44.48132406717557,1.252166619743142
125.83333333333333,37.22631249551334,22.50442190151199,25.6661607804366,35.94909464182771,8.987273660456928,46.21358615597027,1.241422613683268
126.0,37.0151615091936,22.517884403753442,25.710576592492092,36.035375212095914,9.008843803023979,46.024005312217575,1.2433825339593998
126.16666666666667,36.30548691096824,22.53183501561438,25.711618347540856,36.143075230027534,9.035768807506884,45.341255718475125,1.248881631299017
126.33333333333333,34.66410828659352,22.543594774977763,25.745423792649454,36.25468012491504,9.06367003122876,43.72777831782228,1.2614713165644642
126.5,36.60973357087498,22.54899663120817,25.823262195890685,36.3487581998221,9.087189549955525,45.696923120830505,1.2482178552969552
126.66666666666667,37.109735319117604,22.556620108752366,25.814793825448504,36.39197304966535,9.097993262416338,46.20772858153394,1.2451645958716762
126.83333333333333,35.95348577341374,22.5667452365617,25.771837582073506,36.45296087001893,9.113240217504732,45.06672599091847,1.2534730644738663
127.0,37.08955817834995,22.574532619841328,25.770667733946137,36.53396189249361,9.133490473123402,46.22304865147335,1.2462550356950555
127.16666666666667,37.32175498250204,22.58424646766347,25.78563714439581,36.596260958730625,9.149065239682656,46.4708202221847,1.2451402739225985
127.33333333333333,36.35047827803454,22.595454075963406,25.790255836738766,36.67397174130775,9.168492935326938,45.518971213361475,1.2522248226061767
127.5,36.036384946977535,22.60430313494735,25.79768219316657,36.76363260770725,9.190908151926813,45.22729309890435,1.2550452317969725
127.66666666666667,36.77242562586538,22.61072537659957,25.795255973564384,36.83442507957881,9.208606269894702,45.98103189576008,1.2504215077783025
127.83333333333333,36.50010183496948,22.617868889554817,25.78887536710906,36.88580301279657,9.221450753199143,45.72155258816862,1.2526417815186583
128.0,35.82172291303857,22.624416346247717,25.874185402378707,36.942951116438536,9.235737779109634,45.057460692148204,1.2578250577597976
128.16666666666666,38.15004396668186,22.628461900390352,25.907269029731424,36.995330769981734,9.248832692495434,47.39887665917729,1.2424330808261415
128.33333333333334,36.539817602017266,22.637985429916437,25.887660538447403,37.02769520312282,9.256923800780704,45.79674140279797,1.2533379860185634
128.5,37.49480303708847,22.645443497675792,25.879165237535272,37.1038834393315,9.275970859832874,46.77077389692134,1.2473935081258443
128.66666666666666,36.747503232044714,22.654444328885205,25.94791083873057,37.16354798140634,9.290886995351585,46.0383902273963,1.2528304286874572
128.83333333333334,37.39449714785332,22.66183387789226,25.98865751410461,37.23555463108164,9.30888865777041,46.70338580562373,1.2489373936749086
129.0,36.42018742727958,22.67009670454382,25.983134783209795,37.29467102313808,9.32366775578452,45.7438551830641,1.2560027395356257
129.16666666666666,36.74767200480916,22.675728903754283,25.976992196763135,37.36077363635056,9.34019340908764,46.0878654138968,1.254171023619273
129.33333333333334,35.953604941202514,22.680775677341952,25.937927960586222,37.405831230034266,9.351457807508567,45.30506274871108,1.2600979184925036
129.5,37.15098205290796,22.683018831171275,26.001159359410025,37.446205418735616,9.361551354683904,46.51253340759187,1.2519866457729651
129.66666666666666,36.09277380414542,22.687255240192552,25.97078433850463,37.4641506493702,9.36603766234255,45.45881146648797,1.259498970989778
129.83333333333334,38.621542879757335,22.68931550790333,26.022954446941895,37.49804192154042,9.374510480385105,47.99605336014244,1.2427274982144372
130.0,38.54710719762345,22.697675134557592,26.053633524876304,37.514524063226645,9.378631015806661,47.92573821343011,1.2433031087838644
130.16666666666666,38.26564651670958,22.709012621277644,26.067087422601155,37.581401076460736,9.395350269115184,47.660996785824764,1.2455296362237729
130.33333333333334,37.92541583815219,22.720843514073866,26.05966675449253,37.67210097022115,9.418025242555288,47.34344108070748,1.2483301773867683
130.5,39.072335205149386,22.731637999129926,26.106512783225757,37.76674811259093,9.441687028147733,48.51402223329712,1.2416463459011122
130.66666666666666,37.99396993084575,22.745020737815963,26.08293241259842,37.85310399303941,9.463275998259853,47.4572459291056,1.2490731033236147
130.83333333333334,38.24475225215225,22.75626435147444,26.08284406448849,37.960165902527706,9.490041475631926,47.73479372778418,1.248139703273875
131.0,38.705780590423785,22.76682212407226,26.104029387120192,38.05011481179551,9.512528702948877,48.21830929337266,1.2457650655236334
131.16666666666666,38.26829279952088,22.778122093032355,26.135319987026925,38.134576992578076,9.533644248144519,47.8019370476654,1.2491264582428376
131.33333333333334,39.056442846206465,22.78824369986318,26.164292757110243,38.22497674425884,9.55624418606471,48.612687032271175,1.244677791669215
131.5,37.72130291058504,22.79982559308584,26.13567483493226,38.30594959890544,9.57648739972636,47.2977903103114,1.2538747779318908
131.66666666666666,38.872242238626406,22.80793872873126,26.14642645671341,38.39860474468671,9.599651186171677,48.47189342479808,1.2469538836283731
131.83333333333334,38.21594931294038,22.81740329170686,26.19495662920829,38.46350982985007,9.615877457462517,47.8318267704029,1.2516194842818273
132.0,37.540032687359776,22.8254126273995,26.169493024456866,38.53922633365488,9.63480658341372,47.1748392707735,1.2566541873752253
132.16666666666666,39.040885857957115,22.830427132974197,26.232734173839503,38.60330101919601,9.650825254799003,48.69171111275612,1.2471979065718874
132.33333333333334,39.643271901416036,22.838166705067305,26.270931309656095,38.64341706379358,9.660854265948394,49.30412616736443,1.2436946751008036
132.5,38.48360171347387,22.8489818922004,26.246195685956945,38.70533364053844,9.67633341013461,48.15993512360848,1.2514404312303944
132.66666666666666,38.78590366488767,22.857742425195013,26.280918647622997,38.79185513760319,9.697963784400798,48.48386744928847,1.2500383610548753
132.83333333333334,39.50845493741158,22.866077072364213,26.281238782965964,38.86193940156011,9.715484850390027,49.223939787801605,1.2459090051934727
133.0,39.03440474820654,22.876127343246157,26.29095152081545,38.928616578913704,9.732154144728426,48.76655889293497,1.249322468409758
133.16666666666666,39.12756593531541,22.88544723419433,26.296724507375643,39.00901874596926,9.752254686492314,48.879820621807724,1.2492425596474481
133.33333333333334,39.59169735942593,22.894420801008025,26.31234960099985,39.083577873554646,9.770894468388661,49.36259182781459,1.246791502260825
133.5,39.34217949171392,22.90436819828325,26.35139682443208,39.1553664080642,9.78884160201605,49.13102109372997,1.248812895688144
133.66666666666666,39.04406975906879,22.91385507090545,26.36526453025354,39.23494558626601,9.808736396566502,48.85280615563529,1.2512221819368157
133.83333333333334,40.06574249392015,22.921972872965835,26.374262816148786,39.31084056724359,9.827710141810897,49.893452635731045,1.2452896047864885
134.0,40.019830109531384,22.932192096614997,26.3850475672721,39.37578298372668,9.84394574593167,49.863775855463054,1.2459767000256998
134.16666666666666,39.732683143917,22.943159526160073,26.416527695457724,39.45753677291998,9.864384193229995,49.597067337146996,1.248268765477023
134.33333333333334,40.207591548980524,22.95340744954841,26.436178133496483,39.54527620928059,9.886319052320147,50.09391060130067,1.2458819011896478
134.5,39.23521623684513,22.964428291743438,26.408966965986796,39.62725959638729,9.906814899096823,49.142031135941956,1.2524980323618937
134.66666666666666,38.74182646592679,22.97270230297135,26.397463854467944,39.715426333947505,9.928856583486876,48.67068304941367,1.2562826146624566
134.83333333333334,40.03089990434793,22.97782013899933,26.445676143996856,39.781618423770794,9.945404605942699,49.97630451029063,1.2484431933757874
135.0,40.143665113126346,22.984943004416845,26.46641435511173,39.822561111994645,9.955640277998661,50.09930539112501,1.2480002822349006
135.16666666666666,39.80263370081988,22.993310259436214,26.493392534852184,39.87954403533476,9.96988600883369,49.77251970965357,1.2504830731497127
135.33333333333334,41.588114376244235,23.001129656971894,26.552264597264386,39.94648207548971,9.986620518872428,51.57473489511666,1.2401316017486221
135.5,40.584153630556614,23.013774887027566,26.602264806523696,40.009037255775155,10.002259313943789,50.5864129445004,1.24645726026458
135.66666666666666,40.52722402172097,23.02572990069033,26.58383307684388,40.110199096220526,10.027549774055132,50.5547737957761,1.2474275012934704
135.83333333333334,38.73037854909857,23.036848897184925,26.589860221022427,40.205839205522636,10.051459801380659,48.78183835047923,1.2595239235433344
136.0,41.05865506967021,23.041895280847847,26.55374923271246,40.2947911774794,10.07369779436985,51.13235286404006,1.2453489471897299
136.16666666666666,41.23286378052205,23.050465049526007,26.615535198152994,40.33516224678277,10.083790561695693,51.316654342217745,1.2445571235452038
136.33333333333334,41.10105974401939,23.061247183793526,26.663138991320842,40.40372039620806,10.100930099052015,51.2019898430714,1.2457583858411778
136.5,40.378463922495676,23.072568035164668,26.613186054088292,40.48997747034821,10.122494367587052,50.50095829008273,1.250690427130082
136.66666666666666,40.394629545985424,23.081751500168796,26.627564136566747,40.580544281317344,10.145136070329336,50.53976561631476,1.2511506154247576
136.83333333333334,41.013958442198415,23.089602383842433,26.636149352622738,40.65401200135037,10.163503000337592,51.17746144253601,1.2478059515923383
137.0,39.60603824521505,23.09838351256455,26.625215449309582,40.71681907073946,10.179204767684865,49.78524301289992,1.257011436101278
137.16666666666666,39.797657827559725,23.103261569833876,26.624490962996763,40.78706810051639,10.196767025129098,49.99442485268882,1.2562152544079586
137.33333333333334,40.288984578497505,23.106480632561674,26.632216266659817,40.82609255867101,10.206523139667752,50.49550771816526,1.2533328463461708
137.5,40.64304302916097,23.110186290749862,26.68262671761839,40.85184506049339,10.212961265123347,50.85600429428432,1.251284365144501
137.66666666666666,40.662409895050466,23.115117700444653,26.698723164450026,40.8814903259989,10.220372581499724,50.88278247655019,1.2513469469192424
137.83333333333334,40.80970708412436,23.12064815540583,26.695226349623187,40.920941603557225,10.230235400889306,51.03994248501367,1.2506814219421103
138.0,41.9273154979912,23.12680497214088,26.729796806524682,40.96518524324665,10.241296310811663,52.168611808802865,1.2442631060245757
138.16666666666666,41.06708744227119,23.136475366179315,26.751132652749934,41.01443977712705,10.253609944281763,51.32069738655295,1.2496795020756089
138.33333333333334,42.61300315694501,23.145247119836075,26.825140093147905,41.09180292943452,10.27295073235863,52.88595388930364,1.2410754927204504
138.5,40.1047216037617,23.157918741509782,26.792006650805753,41.1619769586886,10.29049423967215,50.39521584343385,1.2565905915354099
138.66666666666666,39.52578311095846,23.164921891754577,26.77821340418123,41.263349932078256,10.315837483019564,49.84162059397802,1.2609900847267341
138.83333333333334,43.02636646181792,23.166966384577307,26.78604707478268,41.31937513403662,10.329843783509155,53.35621024532708,1.2400817134460094
139.0,41.59645665050502,23.176699044356067,26.804001503595355,41.33573107661846,10.333932769154615,51.93038941965963,1.2484330061086861
139.16666666666666,41.97602297633684,23.186092319803656,26.826069826130098,41.41359235484853,10.353398088712133,52.329421065048976,1.2466502863920352
139.33333333333334,41.09220303609003,23.1962011893252,26.838042937439955,41.48873855842925,10.372184639607312,51.46438767569734,1.2524124742228528
139.5,42.0977895135982,23.203818195067075,26.912601941798254,41.56960951460161,10.392402378650402,52.4901918922486,1.2468633745079063
139.66666666666666,42.156690364888746,23.21289419996892,26.88845208476394,41.6305455605366,10.40763639013415,52.5643267550229,1.2468798261924852
139.83333333333334,40.79458456034134,23.222711210996657,26.85178102384747,41.703153599751346,10.425788399937836,51.22037296027918,1.2555679512930575
140.0,40.998100673407706,23.228633789187896,26.851218448308703,41.781689687973255,10.445422421993314,51.44352309540102,1.2547782031465777
140.16666666666666,42.79657436362889,23.232911801426397,26.886635884968275,41.829070313503166,10.457267578375792,53.253841942004684,1.2443482389390261
140.33333333333334,41.638519185445304,23.24154852471322,26.890169794412994,41.863294411411175,10.465823602852794,52.1043427882981,1.2513495630390024
140.5,43.354961544840236,23.248882372348483,26.93776851527555,41.93238819770576,10.48309704942644,53.83805859426668,1.2417969403244473
140.66666666666666,41.89283337842485,23.260440433966128,26.963869249655293,41.99105897878786,10.497764744696966,52.39059812312181,1.2505861718606839
140.83333333333334,42.257132260933844,23.26964621904937,26.975554545890507,42.08352347172902,10.520880867932256,52.7780131288661,1.2489729024432326
141.0,42.57079575874228,23.27843884263536,26.995067174122266,42.157169752394964,10.539292438098741,53.11008819684102,1.247570952110624
141.16666666666666,42.41511725297093,23.28772579427291,26.996440616142596,42.22751074108288,10.55687768527072,52.97199493824165,1.2488942237812928
141.33333333333334,42.840732263605204,23.296588561735998,26.98690571090257,42.30180635418327,10.575451588545818,53.41618385215102,1.2468550612877842
141.5,41.975452984338204,23.30627116649963,26.999766292580894,42.372708493887984,10.593177123471996,52.5686301078102,1.2523659989428704
141.66666666666666,43.45549905911187,23.313583895326392,27.02438956999228,42.450169331997046,10.612542332999261,54.068041392111134,1.2442163261906893
141.83333333333334,42.639439971571555,23.323841108057373,27.07427395425499,42.50867116261114,10.627167790652784,53.26660776222434,1.2492332872509138
142.0,41.48636083214153,23.33300914574203,27.054518122929416,42.59072886445898,10.647682216114745,52.134043048256274,1.2566550066706612
142.16666666666666,41.48546009357492,23.337931619025667,27.0608677716702,42.66407316593623,10.666018291484058,52.15147838505898,1.257102567198862
142.33333333333334,42.508625527648014,23.340435920766506,27.049180184203102,42.70345295220534,10.675863238051335,53.18448876569935,1.251145811127383
142.5,43.052159145271524,23.34461690403276,27.120674256938184,42.72348736613205,10.680871841533012,53.733030986804536,1.2480914326617718
142.66666666666666,42.284351348060326,23.351219095247497,27.107800921308232,42.756935232262066,10.689233808065516,52.97358515612584,1.2527940826164725
142.83333333333334,44.776770444031314,23.356682642083406,27.137328752313497,42.80975276197998,10.702438190494995,55.47920863452631,1.2390176442910839
143.0,43.84149687181292,23.36881454313175,27.13801342560683,42.85346113666725,10.713365284166812,54.554862155979734,1.2443658645025593
143.16666666666666,44.50186102086,23.381469097064357,27.18233008091866,42.95051634505401,10.737629086263503,55.2394901071235,1.2412849449426464
143.33333333333334,42.76905364734068,23.39606078743412,27.176890186058024,43.05175277651486,10.762938194128715,53.53199184146939,1.2516524747747824
143.5,43.84817197758604,23.406184011011973,27.215187546608302,43.16848629947296,10.79212157486824,54.64029355245428,1.2461247775707702
143.66666666666666,42.9011362428123,23.416855235084817,27.20063634880598,43.249472088095786,10.812368022023946,53.713504264836246,1.2520298754053505
143.83333333333334,43.67783563548559,23.424742064980624,27.238876368158,43.33484188067854,10.833710470169635,54.51154610565523,1.2480367974407574
144.0,42.58505425971894,23.433241951612985,27.222311964581355,43.39793651984499,10.849484129961247,53.434538389680185,1.2547721100410512
144.16666666666666,43.82558800870896,23.43861215271819,27.223987980596696,43.46593561290388,10.86648390322597,54.69207191193493,1.2479483880756281
144.33333333333334,41.63360258290852,23.445851040425,27.207165484154466,43.508897221745514,10.877224305436378,52.5108268883449,1.2612607036293735
144.5,43.62854997414097,23.44739840205286,27.214076601839274,43.56680832340001,10.891702080850003,54.52025205499097,1.2496462084416193
144.66666666666666,44.37879510085193,23.451768979519596,27.264483091639576,43.579187216422866,10.894796804105717,55.27359190495765,1.2454955520839854
144.83333333333334,44.71141685829763,23.459790997042735,27.299765687942404,43.614151836156765,10.903537959039191,55.61495481733682,1.2438647380286652
145.0,44.52594939350632,23.470579507503736,27.304614143215595,43.678327976341876,10.919581994085469,55.44553138759179,1.2452408571366247
145.16666666666666,42.625637780149816,23.482046358564208,27.28265166398739,43.764636060029886,10.941159015007472,53.56679679515729,1.2566802418637972
145.33333333333334,43.94980506212839,23.48794259509569,27.305648784194908,43.856370868513665,10.964092717128416,54.91389777925681,1.249468517587947
145.5,44.21902498007964,23.494624247496596,27.3213167997562,43.90354076076551,10.975885190191377,55.194910170271015,1.248216354728218
145.66666666666666,42.42572154838263,23.502367589800876,27.28954844907092,43.956993979972765,10.989248494993191,53.414970043375824,1.2590232550897447
145.83333333333334,44.44502033453361,23.505157410916894,27.336899694687816,44.01894071840701,11.004735179601752,55.44975551413536,1.2476033332141625
146.0,43.81819773515264,23.51121128951552,27.352710516126635,44.04125928733515,11.010314821833788,54.828512556986425,1.251272653621737
146.16666666666666,44.48984588519417,23.51701512567671,27.382328517880993,44.08969031612415,11.022422579031037,55.51226846422521,1.2477514219193824
146.33333333333334,44.931466058147166,23.52454026777562,27.397208125793274,44.136121005413685,11.034030251353421,55.96549630950059,1.2455746767103915
146.5,44.75101949815623,23.534125311389193,27.421305816667918,44.19632214220496,11.04908053555124,55.80010003370747,1.2469012026867112
146.66666666666666,44.63972176512043,23.544051292339848,27.44637355347122,44.273002491113544,11.068250622778386,55.70797238789881,1.2479462278240865
146.83333333333334,44.81532686720652,23.553586580268288,27.448831645336675,44.352410338718784,11.088102584679696,55.90342945188622,1.2474176439131002
147.0,44.79542973780624,23.56319921677959,27.459162316641198,44.4286926421463,11.107173160536576,55.90260289834281,1.247953267231688
147.16666666666666,43.76766002272676,23.572558416154077,27.4480701847779,44.505593734236726,11.126398433559181,54.89405845628594,1.254215062623446
147.33333333333334,44.1890721232914,23.578491998582237,27.48042964409884,44.58046732923262,11.145116832308155,55.33418895559956,1.2522143212514691
147.5,44.716674712713456,23.58368262865349,27.4648787779714,44.627935988657896,11.156983997164474,55.87365870987793,1.2495038834806833
147.66666666666666,44.26824521228572,23.58991450796082,27.49068487368955,44.66946102922793,11.167365257306983,55.4356104695927,1.2522658217816078
147.83333333333334,45.877657738270386,23.595221531186475,27.56886826322312,44.71931606368656,11.17982901592164,57.05748675419203,1.2436878769989081
148.0,44.09918070516743,23.60468830357862,27.52307979873463,44.7617722494918,11.19044306237295,55.28962376754038,1.253756257677179
148.16666666666666,44.17009591534715,23.610877791873435,27.54628503204834,44.837506428628956,11.209376607157239,55.379472522504386,1.2537775020602226
148.33333333333334,44.70509219787891,23.615355069274415,27.565856490586576,44.88702233498748,11.22175558374687,55.92684778162578,1.251017390459141
148.5,45.56916707517945,23.6203892551446,27.589748866279457,44.92284055419532,11.23071013854883,56.79987721372828,1.2464541456292264
148.66666666666666,45.16545419091,23.62817248096086,27.61630693063785,44.963114041156814,11.240778510289203,56.4062327011992,1.2488800060058185
148.83333333333334,46.17038128766315,23.636048864982335,27.637866931249455,45.02537984768688,11.25634496192172,57.42672624958487,1.2438001300398498
149.0,46.21884541235893,23.646773059892627,27.670764064224297,45.08839091985868,11.27209772996467,57.4909431423236,1.2438853162470067
149.16666666666666,44.59640778076627,23.658917349963918,27.63720287106981,45.17418447914102,11.293546119785255,55.889953900551525,1.253238919495574
149.33333333333334,46.36404920451948,23.666702298536865,27.658291676775985,45.271338799711344,11.317834699927836,57.68188390444732,1.2441079865566314
149.5,45.088572397651006,23.677200816103646,27.671919868756394,45.33361838829492,11.33340459707373,56.42197699472474,1.251358692333851
149.66666666666666,45.69802872850653,23.68511211507663,27.680767035799725,45.41760652882917,11.354401632207292,57.05243036071382,1.2484658955348853
149.83333333333334,45.4186699549747,23.693244691483233,27.689058830537395,45.48089692061305,11.370224230153262,56.788894185127965,1.250342518647618
150.0,45.783767621374196,23.70046575435727,27.745352105874108,45.54595753186587,11.386489382966467,57.17025700434066,1.2487014497612179
150.16666666666666,45.29733371673019,23.708103463184212,27.721673889073564,45.60372603485817,11.400931508714542,56.698265225444736,1.2516910063627809
150.33333333333334,45.35044023072733,23.714331106245023,27.685688938691904,45.6648277054737,11.416206926368424,56.766647157095754,1.2517331004569463
150.5,47.33047742276187,23.719801786554694,27.739645423739667,45.714648849960184,11.428662212490046,58.75913963525191,1.2414651791996048
150.66666666666666,46.55437000443018,23.730621989613986,27.775078986700933,45.75841429243755,11.439603573109387,57.99397357753957,1.245725665969076
150.83333333333334,46.22424620056416,23.74175796421423,27.788443681912764,45.84497591691189,11.461243979227973,57.68549017979213,1.2479487481417944
151.0,44.82855090201374,23.751808666545188,27.739451642291638,45.93406371371384,11.48351592842846,56.3120668304422,1.256165227234963
151.16666666666666,46.927292455824485,23.756872169361607,27.79670660080421,46.0144693323615,11.503617333090375,58.43090978891486,1.245137034997692
151.33333333333334,47.47962620980269,23.765362137129625,27.852488190637672,46.054977354892856,11.513744338723214,58.9933705485259,1.2424986306304593
151.5,45.61307072595346,23.77713941904973,27.852929665396246,46.122897097037,11.53072427425925,57.14379500021271,1.2527942997641324
151.66666666666666,46.53054890267998,23.78484901701248,27.85122057643139,46.217115352397826,11.554278838099457,58.08482774077944,1.2483159797290502
151.83333333333334,46.12065855015978,23.79290142029332,27.86617070530837,46.27879213609984,11.56969803402496,57.69035658418474,1.2508571732869342
152.0,46.047092430633114,23.799721474663976,27.848159765564322,46.34321136234655,11.585802840586638,57.63289527121975,1.251607696143679
152.16666666666666,45.70216999359903,23.805489070313875,27.876380688126616,46.397771797311805,11.599442949327951,57.30161294292698,1.2538050808299157
152.33333333333334,46.05187987228499,23.809519667139863,27.846596077552043,46.443912562511,11.61097814062775,57.66285801291274,1.252128212199552
152.5,46.01037990773417,23.81355329512195,27.873328819102902,46.476157337118906,11.619039334279726,57.629419242013896,1.2525308279909815
152.66666666666666,46.844300463330796,23.8173660095997,27.881324090212722,46.50842636097559,11.627106590243898,58.471407053574694,1.2482074975021875
152.83333333333334,47.3002672886432,23.823447616246405,27.893826771534464,46.53892807679759,11.634732019199397,58.934999307842595,1.2459760311331876
153.0,47.14411280935241,23.83196322404894,27.95208952931168,46.58758092997124,11.64689523249281,58.79100804184522,1.247048773185998
153.16666666666666,46.932195201006955,23.841120517465278,27.942508515511612,46.65570579239153,11.663926448097882,58.59612164910484,1.248527186894672
153.33333333333334,46.177909461707145,23.84976907525196,27.925281557354676,46.72896413972222,11.682241034930556,57.8601504966377,1.2529833240852535
153.5,46.2040021073293,23.855685422528566,27.912752166911886,46.798152602015676,11.699538150503919,57.90354025783322,1.2532148215933017
153.66666666666666,47.65900898076359,23.860057464305054,27.956292523214085,46.84548338022853,11.711370845057132,59.37037982582072,1.2457325717742924
153.83333333333334,46.84488399659975,23.86781787408737,27.998925321480314,46.880459714440434,11.720114928610109,58.564998925209856,1.2501898591415195
154.0,46.95228823617638,23.8747960793012,27.990580344769633,46.94254299269895,11.735635748174737,58.687923984351116,1.2499481109236443
154.16666666666666,47.73042337656908,23.881499837184453,27.991922191917904,46.99836863440959,11.749592158602397,59.480015535171475,1.2461656806583092
154.33333333333334,46.98541716713878,23.89020654001599,27.992510032853737,47.051998697475625,11.762999674368906,58.748416841507684,1.2503542669957575
154.5,46.784630887903134,23.897564725867817,28.01817135074293,47.12165232012791,11.780413080031977,58.56504396793511,1.2518009195852815
154.66666666666666,48.13042301604702,23.903415822445748,28.034512212091848,47.18051780694253,11.795129451735633,59.92555246778265,1.2450659834799926
154.83333333333334,47.61349863088839,23.91231404155117,28.061418922093694,47.22732657956598,11.806831644891496,59.42033027577988,1.2479723604522528
155.0,47.97858773429227,23.921102209341754,28.1209744149723,47.29851233240936,11.82462808310234,59.80321581739461,1.2464563598367608
155.16666666666666,46.72844367597256,23.930701690823874,28.065133130379706,47.36881767473403,11.842204418683508,58.570648094656065,1.2534260396258967
155.33333333333334,47.125674961965785,23.936783299644794,28.076352399731817,47.44561352659099,11.861403381647747,58.98707834361353,1.251697262505436
155.5,47.787953628555925,23.94199649280484,28.123399037631998,47.494266397158356,11.873566599289589,59.661520227845514,1.2484635917156008
155.66666666666666,48.128617968354966,23.94858339292621,28.148837618768344,47.53597194243872,11.88399298560968,60.012610953964646,1.246921550779279
155.83333333333334,47.629439006974145,23.95676489899393,28.126813530561943,47.58866714340968,11.89716678585242,59.526605792826565,1.2497859944164023
156.0,48.80593072831375,23.964121714744444,28.176209189556992,47.65411919195145,11.913529797987863,60.71946052630161,1.2441000431752134
156.16666666666666,48.63541518966828,23.97435363236934,28.18105050107955,47.71297371795555,11.928243429488887,60.56365861915717,1.2452583859512898
156.33333333333334,49.425220222141235,23.98538075726012,28.25600618991998,47.79482905895472,11.94870726473868,61.373927486879914,1.2417532427986222
156.5,47.88930691170374,23.998917527661643,28.236641633641092,47.883046058080964,11.970761514520241,59.86006842622398,1.2499673160146465
156.66666666666666,48.181408577156446,24.00890715508251,28.230180128564086,47.99134022129314,11.997835055323286,60.17924363247973,1.249013787882732
156.83333333333334,48.94063374161979,24.017603705342495,28.226318039941585,48.07125724066009,12.017814310165022,60.95844805178481,1.245559025116279
157.0,47.68484961768963,24.027647445520344,28.229219115887457,48.14082964273996,12.03520741068499,59.72005702837462,1.2523905917115505
157.16666666666666,48.156096894865826,24.034435247331192,28.302583088427404,48.22117956416275,12.055294891040688,60.211391785906514,1.250337873465114
157.33333333333334,49.438951491985634,24.04069914885867,28.312304514402346,48.27548197864954,12.068870494662384,61.50782198664802,1.2441166353744137
157.5,50.1971682742287,24.050344113237514,28.339677898866096,48.32559319086937,12.081398297717342,62.278566571946044,1.2406788811615086
157.66666666666666,48.913039161694485,24.063836240830422,28.336744028528628,48.402752905900115,12.100688226475029,61.013727388169514,1.2473918700179951
157.83333333333334,50.09701991032112,24.07525457578791,28.36323322125492,48.51068992664338,12.127672481660845,62.22469239198197,1.2420837108349088
158.0,49.284626463731755,24.08879546652705,28.376253627626156,48.60203660630327,12.150509151575818,61.43513561530757,1.2465375112565233
158.16666666666666,49.19844611258446,24.1007332332625,28.382166869857016,48.71036373221639,12.177590933054098,61.37603704563856,1.2475198282723647
158.33333333333334,50.06997198173004,24.11125494569502,28.489313750687064,48.80586586609999,12.201466466524998,62.27143844825504,1.2436883022618261
158.5,49.29427543823877,24.123346795866127,28.48802439118564,48.89003956556016,12.22250989139004,61.51678532962881,1.2479498842964785
158.66666666666666,49.19717801815652,24.133681749328673,28.46192062203095,48.98677436692901,12.246693591732253,61.443871609888774,1.248930814430302
158.83333333333334,49.328833371381435,24.142524401516155,28.50023955660807,49.069453994629384,12.267363498657346,61.59619687003878,1.2486854575761033
159.0,49.28762097976461,24.15073521311175,28.460627494731643,49.14019521212924,12.28504880303231,61.57266978279692,1.2492522170643219
159.16666666666666,48.942750707110505,24.158280269234826,28.49136642752881,49.20588170489401,12.301470426223503,61.24422113333401,1.251344075445198
159.33333333333334,48.567995820951694,24.16425384268088,28.45587435305859,49.26624215387861,12.316560538469652,60.884556359421346,1.2535941689641725
159.5,51.10196046370198,24.16811605267087,28.50168736039091,49.31403074144703,12.328507685361757,63.430468149063735,1.241253125584463
159.66666666666666,48.2123847084559,24.178283851371315,28.485861462866836,49.34492842136697,12.336232105341743,60.54861681379764,1.2558726804313853
159.83333333333334,48.57953210875213,24.18301008702204,28.506478068352834,49.42627081097052,12.35656770274263,60.93609981149476,1.2543574869161092
160.0,49.767994014227234,24.185771942036897,28.502514315355725,49.464080696176325,12.366020174044081,62.134014188271316,1.248473349568982
160.16666666666666,48.203564040746635,24.190941371689043,28.51153001925505,49.48617553629518,12.371543884073795,60.57510792482043,1.2566520573793276
160.33333333333334,50.9626604277078,24.192629068561487,28.537856696162557,49.52753097351234,12.381882743378085,63.34454317108589,1.2429598972946514
160.5,50.131256178593055,24.200605129168963,28.5892145097439,49.5410325484919,12.385258137122975,62.51651431571603,1.2470566086155985
160.66666666666666,49.53902388927122,24.20930964247035,28.59727992831947,49.604841033351704,12.401210258337926,61.94023414760915,1.250332147965953
160.83333333333334,51.063811152212566,24.21643154412042,28.65475497171995,49.674477139762814,12.418619284940704,63.48243043715327,1.2431980497484394
161.0,51.26438189676045,24.22706127106349,28.643405437740753,49.73145235296337,12.432863088240843,63.69724498500129,1.2425243927309795
161.16666666666666,50.625973921338634,24.239922833037742,28.701312693103727,49.816490168507926,12.454122542126981,63.080096463465615,1.2460026262700226
161.33333333333334,50.65583478542962,24.251774827690422,28.69872358056724,49.919382664301935,12.479845666075484,63.1356804515051,1.246365413163917
161.5,50.161791941356746,24.262879038065158,28.658648440613085,50.01419862152338,12.503549655380844,62.66534159673759,1.2492644136397384
161.66666666666666,51.20091431523123,24.271836075212097,28.659256981676222,50.103032304521264,12.525758076130316,63.72667239136155,1.2446393437236756
161.83333333333334,49.520370230200754,24.28250531521393,28.672535911764776,50.17468860169677,12.543672150424193,62.06404238062495,1.25330327887521
162.0,51.29704726740642,24.288836372844933,28.702454656797418,50.260042521711426,12.565010630427857,63.862057897834276,1.2449460797407637
162.16666666666666,51.44158592783167,24.297955025396202,28.74936860147773,50.31069098275947,12.577672745689867,64.01925867352153,1.2445039848370016
162.33333333333334,51.01514866168766,24.308786585728416,28.77104907891626,50.38364020316962,12.595910050792405,63.611058712480066,1.2469052895312236
162.5,50.64094656405857,24.31900881991222,28.77512649624542,50.47029268582733,12.617573171456833,63.2585197355154,1.2491575301716795
162.66666666666666,49.853530694673516,24.32753703874425,28.75490863663727,50.55207055929776,12.63801763982444,62.491548334497956,1.2535029608479609
162.83333333333334,49.80662105430986,24.332596784770825,28.742363000754676,50.620296309954,12.6550740774885,62.46169513179836,1.2540841721362552
163.0,51.00309661629144,24.335518056968375,28.74828273567785,50.6607742781666,12.66519356954165,63.66829018583309,1.2483220512045563
163.16666666666666,49.83193994825628,24.34077274648438,28.752928570457755,50.684144455747,12.67103611393675,62.50297606219303,1.2542753929928054
163.33333333333334,49.09904305775627,24.343673985787554,28.738881697272493,50.726181971875036,12.681545492968759,61.78058855072503,1.2582849828264715
163.5,49.797706885248495,24.343050764753226,28.72967224239751,50.74939188630043,12.687347971575107,62.4850548568236,1.2547777551446544
163.66666666666666,50.76930576681194,24.34261731575382,28.75034715925857,50.74440611802581,12.686101529506452,63.45540729631839,1.2498773882742238
163.83333333333334,52.57198807875581,24.345188740079866,28.804729984008386,50.74093852603056,12.68523463150764,65.25722271026345,1.2412926559388326
164.0,50.20957328567939,24.354686215171256,28.8403358643893,50.76150992063893,12.690377480159732,62.89995076583912,1.2527481643381988
164.16666666666666,50.616230123323895,24.36066286245433,28.84133612006325,50.83748972137005,12.709372430342512,63.32560255366641,1.2510928293035013
164.33333333333334,50.49073869983319,24.365800126307548,28.850064738319038,50.88530289963464,12.72132572490866,63.21206442474185,1.251953646401111
164.5,51.68366517253551,24.369984098847848,28.839393234562728,50.92640101046038,12.731600252615095,64.41526542515061,1.2463370237020384
164.66666666666666,49.154219156844384,24.377100485069153,28.821182309142923,50.95987279078278,12.739968197695696,61.89418735454008,1.2591836146769864
164.83333333333334,51.50227913535454,24.378098925226336,28.833374877015096,51.016803880553226,12.754200970138307,64.25648010549284,1.24764342829603
165.0,50.20575507253089,24.382754519675093,28.8979614103526,51.02479140181069,12.756197850452672,62.96195292298356,1.254078398622312
165.16666666666666,50.22158141751757,24.385413704904572,28.8411932297255,51.06203615740074,12.765509039350185,62.987090456867755,1.2541837329498648
165.33333333333334,51.62869293018275,24.386975688207336,28.897907554566864,51.083309639236575,12.770827409809144,64.3995203399919,1.2473591076008659
165.5,51.71982969846693,24.3920941396069,28.883498938627,51.09580550565869,12.773951376414672,64.49378107488161,1.2469836318272587
165.66666666666666,51.64114456964586,24.39928034145473,28.857374724356742,51.1367531168552,12.7841882792138,64.42533284885965,1.2475581900004635
165.83333333333334,52.37558297687486,24.407173484336308,28.933573424183283,51.19424273163784,12.79856068290946,65.17414365978432,1.2443612071785501
166.0,50.203014516759154,24.417440735760103,28.911920828921183,51.257387874690465,12.814346968672616,63.01736148543177,1.2552505480401945
166.16666666666666,51.558126904500995,24.422273061073493,28.911006126558984,51.33952588608082,12.834881471520205,64.3930083760212,1.2489400263763215
166.33333333333334,51.67374876955694,24.428082359965032,28.92361105308587,51.37818448858795,12.844546122146987,64.51829489170393,1.2485700462613665
166.5,51.518595105660566,24.434621163472617,28.93422975114875,51.424658879720255,12.856164719930064,64.37475982559063,1.249544163492096
166.66666666666666,52.48119940908094,24.440931929020202,28.95150752090784,51.476969307780934,12.869242326945233,65.35044173602617,1.2452162388026222
166.83333333333334,51.82356509727071,24.449829387407423,28.99784737954506,51.52745543216162,12.881863858040404,64.7054289553111,1.2485715491371863
167.0,53.490644586103784,24.45794918233087,29.048925561620273,51.59863509925938,12.899658774814846,66.39030336091864,1.2411572878702237
167.16666666666666,51.887079944763315,24.470410844801027,29.02754892192211,51.66359345864697,12.915898364661743,64.80297830942506,1.2489232074422272
167.33333333333334,51.63843326018742,24.480140691169286,29.053743317468605,51.76328675840821,12.940821689602053,64.57925494978947,1.2506044601391744
167.5,52.0256056496234,24.487415133605346,29.096594569779274,51.84112552935429,12.960281382338572,64.98588703196197,1.249113512865609
167.66666666666666,52.72549674372608,24.49433617391418,29.108553647395542,51.89932106884277,12.974830267210692,65.70032701093677,1.2460826558026614
167.83333333333334,51.83684339905589,24.50297928173864,29.103416108502223,51.95468939131345,12.988672347828363,64.82551574688425,1.2505683505424432
168.0,49.7126950724021,24.509696105267313,29.031501731615244,52.023834253909115,13.005958563477279,62.71865363587938,1.2616224798220106
168.16666666666666,52.746205931213204,24.508885025971935,29.119797911549746,52.077568842138504,13.019392210534626,65.76559814174783,1.246830875902493
168.33333333333334,51.403950053583145,24.51305351545677,29.086849922838994,52.07108020777548,13.01777005194387,64.42172010552702,1.253244547128659
168.5,52.03807571627547,24.51581618284222,29.122071140779386,52.10442812365417,13.026107030913543,65.06418274718902,1.2503187685481516
168.66666666666666,52.24899470795111,24.519638482261936,29.085738005125584,52.12652946273775,13.031632365684438,65.28062707363554,1.2494140306148571
168.83333333333334,52.18337949707626,24.52456737155929,29.100634812151814,52.157107858095486,13.039276964523872,65.22265646160014,1.249874137899682
169.0,51.992250584977256,24.529778041137003,29.10275842747152,52.196538972474315,13.049134743118579,65.04138532809583,1.2509823020988635
169.16666666666666,52.06385912292667,24.534444229651616,29.12029824332927,52.23822432909603,13.059556082274007,65.12341520520067,1.25083726604744
169.33333333333334,52.729087511068684,24.538914688171122,29.111165721279477,52.275553837212925,13.068888459303231,65.79797597037191,1.247849698831975
169.5,51.433868468013976,24.545149439959214,29.08800102016799,52.311317505368976,13.077829376342244,64.51169784435622,1.2542649379848838
169.66666666666666,51.14806176547328,24.54832984624811,29.104853356856616,52.361195519673714,13.090298879918429,64.23836064539171,1.2559295196744842
169.83333333333334,53.992823533476376,24.548930745998078,29.148595335362444,52.38663876998487,13.096659692496218,67.0894832259726,1.2425629710655175
170.0,52.44129536666408,24.55658928252661,29.142883615910346,52.39144596798462,13.097861491996156,65.53915685866023,1.2497623561816555
170.16666666666666,52.295227360419226,24.563256615917684,29.14328598795354,52.45271426021287,13.113178565053218,65.40840592547244,1.2507528741519194
170.33333333333334,52.4354055987396,24.56878979455732,29.142110098286302,52.50605292734147,13.126513231835368,65.56191883057497,1.2503368302761997
170.5,53.21908622923175,24.57399132739839,29.18335772731557,52.55031835645855,13.137579589114637,66.35666581834639,1.2468584209155122
170.66666666666666,52.97156319089122,24.581218280202357,29.20685482411452,52.59193061918711,13.147982654796778,66.119545845688,1.2482083190072377
170.83333333333334,54.06493533273982,24.588625801060758,29.206374662976614,52.64974624161886,13.162436560404714,67.22737189314454,1.2434560677710458
171.0,51.98639840319055,24.599203117316335,29.20838054061946,52.70900640848606,13.177251602121515,65.16365000531206,1.253474985897711
171.16666666666666,53.749157176138844,24.60504779980843,29.24929230906222,52.793624938530684,13.198406234632671,66.94756341077152,1.245555594320871
171.33333333333334,53.86030070062964,24.61343740447594,29.25938290382124,52.840382398467426,13.210095599616857,67.0703963002465,1.2452659088006621
171.5,53.72957583906309,24.623327268527497,29.29510728337942,52.90749923580751,13.226874808951877,66.95645064801496,1.2461749344266277
171.66666666666666,53.544262940244465,24.633396093484265,29.309468213569243,52.986618148219975,13.246654537054994,66.79091747729946,1.2473963373412815
171.83333333333334,53.51144788239137,24.64276289045197,29.329430866737926,53.06716874787412,13.26679218696853,66.7782400693599,1.2479243734186853
172.0,52.7203044244733,24.651422605825474,29.30595378290885,53.142103123615755,13.285525780903939,66.00583020537724,1.2520001719629044
172.16666666666666,53.51088766737013,24.65713293986786,29.345826327734038,53.21138084660379,13.302845211650947,66.81373287902107,1.248600720181339
172.33333333333334,54.41138709884653,24.663461920747494,29.368493964482546,53.257063518942886,13.314265879735721,67.72565297858225,1.2446963143128171
172.5,54.53412333188979,24.672649924260654,29.35419478679839,53.30769536597995,13.326923841494988,67.86104717338478,1.24437770385321
172.66666666666666,53.309226539447515,24.683522849542587,29.35305093639071,53.38119939408523,13.345299848521307,66.65452638796882,1.250337525318363
172.83333333333334,53.76704925860983,24.691393939607824,29.403751705023684,53.4681827963407,13.367045699085175,67.134094957695,1.2486103642175357
173.0,54.493827245442034,24.698811913455124,29.40959147753308,53.53115151686259,13.382787879215648,67.87661512465769,1.2455835560776292
173.16666666666666,54.228133381718095,24.707965880747107,29.453990803675627,53.59049530764099,13.397623826910248,67.62575720862834,1.247060390823391
173.33333333333334,53.013354945471484,24.71704259302621,29.42315856044668,53.663727045976856,13.415931761494214,66.4292867069657,1.253067020098871
173.5,53.73629792309899,24.72223927309434,29.43468612165516,53.736340744209684,13.434085186052421,67.1703831091514,1.250000199218742
173.66666666666666,54.0327701712335,24.72736290708375,29.441331486183778,53.77791418475471,13.444478546188677,67.47724871742219,1.2488208267609124
173.83333333333334,55.58714138414405,24.73320361577503,29.50623138361156,53.81890325667001,13.454725814167503,69.04186719831155,1.2420474498083363
174.0,53.149501861842204,24.743914580811744,29.47531062144863,53.86562892620023,13.466407231550058,66.61590909339226,1.2533684561438578
174.16666666666666,53.28590566250317,24.749739931468923,29.515152740040655,53.95131664649395,13.487829161623488,66.77373482412665,1.2531218901870846
174.33333333333334,54.224271775878655,24.753187654407103,29.525421178355828,53.997919451751386,13.499479862937847,67.72375163881651,1.2489564068049508
174.5,55.45820113842501,24.758058428551728,29.580187733452053,54.025501235256826,13.506375308814206,68.96457644723921,1.243541532750079
174.66666666666666,54.15367668946075,24.767251141907494,29.550669205055073,54.06446742841382,13.516116857103455,67.66979354656421,1.2495881661851027
174.83333333333334,54.70431979988033,24.774671533318596,29.585473992722847,54.13800913525995,13.534502283814987,68.23882208369531,1.2474119472342766
175.0,53.98603767786148,24.782590648587224,29.5494893488545,54.19737226654877,13.549343066637192,67.53538074449867,1.2509786539157972
175.16666666666666,53.17746740790218,24.788447125253292,29.508616411878062,54.26072518869779,13.565181297174448,66.74264870507662,1.2550926540581857
175.33333333333334,53.9355193401387,24.790638538310198,29.498384004588907,54.307577002026335,13.576894250506584,67.51241359064528,1.251724548435055
175.5,55.37799966980765,24.79305137167393,29.54236917233807,54.32510830648158,13.581277076620395,68.95927674642805,1.245246797601918
175.66666666666666,53.57198865702943,24.7998177299845,29.532093885819897,54.34441097339143,13.586102743347858,67.15809140037729,1.2536045997905132
175.83333333333334,53.51487440087401,24.803395893835265,29.579156691605558,54.398541839876,13.599635459969,67.11450986084301,1.2541281393673027
176.0,55.85032034973511,24.80499307488298,29.607184834688837,54.42716715068212,13.60679178767053,69.45711213740563,1.2436296104026745
176.16666666666666,54.34501039614285,24.81243109738362,29.60886069945379,54.439944599063836,13.609986149765959,67.95499654590881,1.250436719959335
176.33333333333334,54.6336733195163,24.81836323645756,29.63067061232777,54.499448779068956,13.624862194767239,68.25853551428354,1.2493857975663545
176.5,53.18253427322888,24.824194942036637,29.63938243863742,54.54690589166049,13.636726472915122,66.81926074614401,1.2564136263769514
176.66666666666666,54.9767907335598,24.825510310294337,29.59324960162985,54.5935595362931,13.648389884073275,68.62518061763308,1.2482573046182162
176.83333333333334,55.423315104629104,24.82969245776228,29.644882867374452,54.6040824823547,13.651020620588675,69.07433572521778,1.2463046570710907
177.0,55.17054176235996,24.8366502860607,29.64314992968577,54.63753966209825,13.659384915524562,68.82992667788452,1.247584752282488
177.16666666666666,54.38448134371678,24.844185162612344,29.662831137936895,54.693202288485594,13.673300572121398,68.05778191583818,1.2514191591844817
177.33333333333334,54.89247178173112,24.84950744634432,29.648668171408122,54.753481300898756,13.688370325224689,68.5808421069558,1.2493669875106688
177.5,54.356476134141396,24.85501507156788,29.64495099545584,54.79605957075455,13.699014892688638,68.05549102683003,1.2520217620230214
177.66666666666666,53.6854561785262,24.85889241244379,29.64606773798839,54.84012057254304,13.71003014313576,67.39548632166196,1.2553769888355661
177.83333333333334,55.77189161055464,24.859796337678702,29.664960892335547,54.87113929955032,13.71778482488758,69.48967643544222,1.245962337456231
178.0,55.939227555051545,24.86528063722443,29.696765188540184,54.87837070142962,13.719592675357404,69.65882023040895,1.2452588867419652
178.16666666666666,55.459886946738614,24.87360388453233,29.73418384509958,54.92224509779544,13.73056127444886,69.19044822118747,1.2475764382216488
178.33333333333334,54.74859747677641,24.881830541111086,29.689824435905017,54.988831076258634,13.747207769064659,68.49580524584107,1.2510969851765799
178.5,55.09540506574855,24.887686065954274,29.731934758798428,55.054644328888685,13.763661082222171,68.85906614797072,1.2498150447536813
178.66666666666666,54.60018856754647,24.89314844194579,29.72411437753722,55.10148852763419,13.775372131908547,68.37556069945501,1.252295321560417
178.83333333333334,54.92633849302673,24.896790350878984,29.759154016493156,55.14518753556632,13.78629688389158,68.71263537691831,1.2509961024553247
179.0,54.90463945963009,24.900329603142506,29.769843059201243,55.17432280703187,13.793580701757968,68.69822016138806,1.2512279624730078
179.16666666666666,55.127100872901785,24.90366189018048,29.739060451937867,55.20263682514005,13.800659206285012,68.9277600791868,1.2503425536217314
179.33333333333334,53.823439314925324,24.907462585433482,29.73022251015685,55.22929512144384,13.80732378036096,67.63076309528628,1.2565299422724212
179.5,56.05527893312407,24.907543178418734,29.797535968640194,55.259700683467855,13.814925170866964,69.87020410399103,1.2464518138844451
179.66666666666666,55.759440354247786,24.912253545672577,29.83484924424198,55.260345427349876,13.815086356837469,69.57452671108526,1.2477622850779748
179.83333333333334,55.65809398024745,24.91847006738611,29.77036889007625,55.29802836538062,13.824507091345154,69.4826010715926,1.248382689789042
180.0,54.75086890056572,24.925046365801258,29.773533835795558,55.34776053908888,13.83694013477222,68.58780903533794,1.252725489341581
180.16666666666666,55.68993457754281,24.928955568702733,29.78778122840424,55.40037092641006,13.850092731602516,69.54002730914533,1.2487001077783206
180.33333333333334,56.345754141294876,24.93412212341301,29.800745195613636,55.431644549621865,13.857911137405466,70.20366527870034,1.2459441948838739
180.5,55.462508926594,24.941793233408617,29.847123879439703,55.472976987304094,13.868244246826023,69.33075317342002,1.250047185300993
180.66666666666666,54.82029454917394,24.94800093676033,29.825657324435536,55.53434586726894,13.883586466817235,68.70388101599117,1.2532563274420867
180.83333333333334,56.193727041912496,24.951353930062627,29.868997513258716,55.58400749408264,13.89600187352066,70.08972891543316,1.247287421657514
181.0,56.588110510545235,24.957169289296534,29.932143684850843,55.610831440501016,13.902707860125254,70.4908183706705,1.2456824893903196
181.16666666666666,56.02200618035499,24.965346471173696,29.9261251956927,55.65735431437227,13.914338578593068,69.93634475894805,1.2483727293484956
181.33333333333334,56.64534246794828,24.972914548620317,29.923779424896427,55.72277176938957,13.930692942347392,70.57603541029567,1.2459283029355823
181.5,56.32656720207128,24.981822763817153,29.899688135401128,55.78331638896253,13.945829097240633,70.27239629931191,1.247588834008116
181.66666666666666,54.253950542453005,24.990287827151455,29.859064277003426,55.85458211053722,13.963645527634306,68.21759607008731,1.2573756452391045
181.83333333333334,54.58837507204276,24.992137027954914,29.87133524497151,55.92230261721164,13.98057565430291,68.56895072634566,1.2561090275329152
182.0,55.81469394518286,24.991360419196948,29.88375560451558,55.937096223639315,13.984274055909829,69.79896800109269,1.250548252932179
182.16666666666666,57.133977044151784,24.992833449959928,29.928057730853027,55.93088335357558,13.982720838393895,71.11669788254568,1.2447356470141817
182.33333333333334,56.067378484602905,24.999412626949628,29.950088458455173,55.942667599679424,13.985666899919856,70.05304538452276,1.2494439240415096
182.5,57.707591110672254,25.005415611632955,29.985028548768188,55.99530101559702,13.998825253899255,71.70641636457151,1.2425820413652713
182.66666666666666,55.94062125661074,25.015841368576982,29.975531657478797,56.04332489306364,14.01083122326591,69.95145247987665,1.2504589850548038
182.83333333333334,55.124350578460536,25.02314270020462,29.95166482745602,56.12673094861586,14.031682737153965,69.15603331561451,1.2545459962776733
183.0,57.3423896041389,25.026146703553877,30.001768124017484,56.18514160163696,14.04628540040924,71.38867500454813,1.2449546574074999
183.16666666666666,57.01184508257574,25.03335565089925,30.017867632160776,56.20917362843102,14.052293407107754,71.0641384896835,1.2464802426014185
183.33333333333334,56.493697355771445,25.0416765014962,29.988362353123623,56.266845207193995,14.066711301798499,70.56040865756995,1.2489961174467445
183.5,56.30702882730084,25.048851896397494,30.00114913372702,56.333412011969614,14.083353002992403,70.39038183029325,1.2501171398367943
183.66666666666666,56.34628665635014,25.05467645710016,30.014073163943586,56.39081517117995,14.097703792794988,70.44399044914513,1.2501975663236755
183.83333333333334,56.49686168340088,25.05974474909087,30.05745995972263,56.43741165680129,14.109352914200322,70.6062145976012,1.2497369321727427
184.0,56.24002246829633,25.06472799114121,30.093407485967713,56.47795799272697,14.119489498181743,70.35951196647807,1.251057678829008
184.16666666666666,57.42240727756172,25.068778506908245,30.146102844342355,56.51782392912969,14.129455982282423,71.55186325984414,1.2460617144451138
184.33333333333334,55.26237923174075,25.075744454107237,30.092264697708345,56.55022805526596,14.13755701381649,69.39993624555724,1.255826064862882
184.5,56.22892172481286,25.077686428799776,30.059677439379772,56.6059556328579,14.151488908214475,70.38041063302734,1.2516763344222137
184.66666666666666,57.492095859836155,25.07974199811936,30.05180526159508,56.62149143039821,14.155372857599552,71.64746871743571,1.2462142429475853
184.83333333333334,55.954104886306155,25.085567937892538,30.02247482692111,56.63793598495488,14.15948399623872,70.11358888254487,1.2530553214104587
185.0,57.27617026613263,25.08871127140891,30.056735469959975,56.684543503140304,14.171135875785076,71.44730614191771,1.2474176574645122
185.16666666666666,55.74700845879835,25.094262258443383,30.06306316252492,56.70969017127129,14.177422542817823,69.92443100161617,1.2543171900120185
185.33333333333334,56.752078942154526,25.096427151515112,30.080764479878674,56.75409806754706,14.188524516886766,70.94060345904128,1.2500088944996823
185.5,57.00380864892431,25.099700066765052,30.06333858136048,56.771417212120895,14.192854303030224,71.19666295195454,1.248980807413086
185.66666666666666,55.530232197703334,25.104240675418332,30.076566669977478,56.79760053412042,14.199400133530105,69.72963233123343,1.25570575831515
185.83333333333334,55.119760680194716,25.10496930981398,30.042887721870294,56.833925403346655,14.208481350836664,69.32824203103138,1.257774728618188
186.0,57.598569486453556,25.102398130886836,30.054587058523644,56.83975447851185,14.209938619627962,71.80850810608152,1.246706450287276
186.16666666666666,56.2158402056443,25.105484020212632,30.054763867829145,56.81918504709469,14.204796261773673,70.42063646741798,1.2526831620733734
186.33333333333334,57.90949077497413,25.107436384916365,30.086386783534316,56.84387216170106,14.210968040425264,72.12045881539939,1.245399637438473
186.5,56.40283222218977,25.113768795718784,30.09409403823111,56.85949107933092,14.21487276983273,70.61770499202251,1.2520240954183925
186.66666666666666,58.07001159196039,25.117828931014106,30.13284939038186,56.91015036575027,14.227537591437567,72.29754918339796,1.2450066256471581
186.83333333333334,56.43360609162989,25.125523108040074,30.138021575812672,56.94263144811285,14.235657862028212,70.6692639536581,1.252254974436936
187.0,55.09893530119989,25.130122224106188,30.093661228014014,57.00418486432059,14.251046216080148,69.34998151728004,1.2586446750409315
187.16666666666666,57.06743105755994,25.128963374195266,30.13342527889759,57.0409777928495,14.260244448212376,71.32767550577232,1.2498841140024168
187.33333333333334,56.44055572566572,25.130579552994746,30.11788558753977,57.031706993562125,14.257926748390531,70.69848247405625,1.2526184684944004
187.5,57.75852024959519,25.131790185385952,30.137942030352015,57.04463642395797,14.261159105989492,72.01967935558469,1.2469100497097558
187.66666666666666,57.30318451136667,25.136674417714534,30.144260466535854,57.05432148308762,14.263580370771905,71.56676488213859,1.2489142705139291
187.83333333333334,57.628433745960265,25.14206905210767,30.170780573735634,57.093395341716274,14.273348835429069,71.90178258138934,1.2476789304798628
188.0,57.14750938804569,25.148575092797742,30.177160988171714,57.13655241686135,14.284138104215337,71.43164749226102,1.2499520671534872
188.16666666666666,56.01607208471199,25.154090753100665,30.17363941830288,57.18860074238194,14.297150185595484,70.31322227030748,1.2552330010568071
188.33333333333334,57.76694501980545,25.155568334299005,30.184605050240393,57.23272602480532,14.30818150620133,72.07512652600678,1.2476880420333074
188.5,55.42302883313451,25.160038081345007,30.146500451654166,57.24454667439204,14.31113666859801,69.73416550173252,1.2582164304243535
188.66666666666666,57.219047743102465,25.15903933350451,30.16680366593859,57.28030465076006,14.320076162690015,71.53912390579248,1.2502676421142687
188.83333333333334,57.44871859094459,25.16045481158146,30.178392989345753,57.272314668036074,14.318078667009019,71.76679725795361,1.2492323417857039
189.0,56.96915328502257,25.163823910433162,30.192156418038486,57.283638492651676,14.320909623162919,71.29006290818549,1.2513800679380633
189.16666666666666,58.38881803548944,25.166738893693335,30.206370879281824,57.3105912834653,14.327647820866325,72.71646585635577,1.2453834193416589
189.33333333333334,57.287462503875425,25.173562057748594,30.235238582445806,57.33391114954668,14.33347778738667,71.62094029126209,1.250202699873764
189.5,58.46045385924175,25.179052123581585,30.27365646817112,57.38849646198875,14.347124115497188,72.80757797473893,1.2454158866101432
189.66666666666666,56.62275733488237,25.187177926542788,30.250033963036245,57.432416988652676,14.358104247163169,70.98086158204555,1.253574797889927
189.83333333333334,58.06673924028489,25.191059430288796,30.262579555316844,57.4974234123423,14.374355853085575,72.44109509337046,1.2475488729202326
190.0,57.63452328310403,25.196849251778907,30.30033983906187,57.528475442310366,14.382118860577592,72.01664214368162,1.2495399986208233
190.16666666666666,57.26554641007208,25.202241955762634,30.268133056451035,57.57479401423126,14.393698503557815,71.65924491362989,1.2513500596062799
190.33333333333334,57.78218330161558,25.20618947159143,30.255239271321024,57.617935646101074,14.404483911525269,72.18666721314085,1.2492893672143837
190.5,57.737033081648875,25.21079658181612,30.28651346263913,57.649515772731434,14.412378943182858,72.14941202483173,1.2496210521036226
190.66666666666666,58.34993121968789,25.215512690442516,30.316896395155023,57.68637265452895,14.421593163632238,72.77152438332013,1.2471569865152856
190.83333333333334,58.54395525250556,25.22199601440112,30.3337877950462,57.72410152354013,14.431025380885032,72.9749806333906,1.2464989821518324
191.0,58.36925685192587,25.229852739890937,30.3608642982288,57.77596811520897,14.443992028802242,72.81324888072811,1.247458898876244
191.16666666666666,57.552122729979914,25.237738909821818,30.34475625908223,57.8388219191275,14.459705479781874,72.01182820976179,1.2512453892903859
191.33333333333334,57.914059839613714,25.243015413343837,30.329735026600932,57.901911278574545,14.475477819643636,72.38953765925734,1.249947557807755
191.5,57.70427418412912,25.247829091079332,30.3042427289787,57.9441233067507,14.486030826687674,72.19030501081679,1.2510391306623847
191.66666666666666,58.32877890944853,25.25165006744686,30.334284976712507,57.982632728634655,14.495658182158664,72.8244370916072,1.248516400534669
191.83333333333334,58.08911468894009,25.25669933876042,30.341978999310353,58.01320053957488,14.50330013489372,72.59241482383382,1.249673285822259
192.0,58.268729082658595,25.261575210232767,30.34149691325296,58.05359471008336,14.51339867752084,72.78212776017943,1.2490769732926985
192.16666666666666,58.705372290992926,25.266772209809005,30.371943210477305,58.092601681862135,14.523150420465534,73.22852271145845,1.2473904832504366
192.33333333333334,59.18964391482789,25.27331469993732,30.398617669147555,58.13417767847204,14.53354441961801,73.7231883344459,1.2455420147573677
192.5,57.935340287175976,25.281865038769602,30.400881274102783,58.18651759949856,14.54662939987464,72.48196968705062,1.2510838691508395
192.66666666666666,57.668417150807805,25.28755758415433,30.382694491011854,58.25492031015682,14.563730077539205,72.232147228347,1.2525425665742447
192.83333333333334,57.50364437877184,25.290771373807313,30.393184263672826,58.30046067323465,14.575115168308663,72.0787595470805,1.2534641991089044
193.0,57.77157857800967,25.292076149836607,30.37860584058213,58.32617099045851,14.581542747614627,72.3531213256243,1.2523999362060878
193.16666666666666,57.484466365364455,25.29311453575559,30.378622558220492,58.336609198692855,14.584152299673214,72.06861866503766,1.253705970008977
193.33333333333334,58.75122446639838,25.29312894744686,30.390315713520465,58.34491628604471,14.586229071511177,73.33745353790955,1.2482710650542013
193.5,57.54018988326804,25.296359684985838,30.410414988968437,58.34503157957488,14.58625789489372,72.12644777816176,1.2534968675717773
193.66666666666666,58.991823452038574,25.297645174328736,30.434203634452743,58.3708774798867,14.592719369971675,73.58454282201025,1.247368508312611
193.83333333333334,58.62769171543319,25.302168077984977,30.461213524899406,58.381161394629885,14.595290348657471,73.22298206409066,1.248948746259703
194.0,58.531722376322385,25.307245948151735,30.474548406490936,58.41734462387981,14.604336155969953,73.13605853229234,1.2495114710972146
194.16666666666666,57.59374013450338,25.312213461623024,30.449636056025213,58.45796758521388,14.61449189630347,72.20823203080684,1.2537513948941854
194.33333333333334,57.0322447667881,25.31420774591618,30.379979478264328,58.49770769298419,14.624426923246048,71.65667169003414,1.2564238350260828
194.5,58.94809624816495,25.31287498666206,30.42384335151477,58.513661967329426,14.628415491832357,73.5765117399973,1.248157555932737
194.66666666666666,58.396625590295244,25.315478702518178,30.412158931444132,58.502999893296476,14.625749973324119,73.02237556361936,1.2504553957609963
194.83333333333334,58.167960770150636,25.318504777202676,30.410633556687895,58.52382962014542,14.630957405036355,72.798918175187,1.2515294882495582
195.0,57.74659947685033,25.321004275776883,30.448221942524746,58.54803821762141,14.637009554405353,72.38360903125567,1.2534696360826074
195.16666666666666,58.95078218783621,25.32190374941607,30.44173783291222,58.56803420621506,14.642008551553765,73.59279073938998,1.248376832471868
195.33333333333334,58.48662566065259,25.32550023949949,30.464761188556185,58.575229995328556,14.643807498832139,73.13043315948474,1.2503787375903257
195.5,57.522792011175255,25.329084677844524,30.425893704417522,58.60400191599592,14.65100047899898,72.17379249017424,1.2546990500070416
195.66666666666666,58.014342867405304,25.329706039220763,30.440774515891214,58.63267742275619,14.658169355689047,72.67251222309434,1.2526645762271413
195.83333333333334,58.48777017822149,25.33017362038076,30.439845793039026,58.63764831376611,14.659412078441527,73.14718225666302,1.2506406387826374
196.0,58.37710720340102,25.33195561606152,30.447246849340193,58.64138896304607,14.660347240761517,73.03745444416253,1.2511317868095289
196.16666666666666,58.24331142595013,25.33407491304521,30.45969321851514,58.655644928492165,14.663911232123041,72.90722265807318,1.2517698749111574
196.33333333333334,58.88768904688861,25.33592627532368,30.460939395984873,58.67259930436168,14.66814982609042,73.55583887297902,1.2490868645636795
196.5,59.61112388722579,25.339505158255935,30.478889260273114,58.68741020258943,14.671852550647358,74.28297643787315,1.246126085097876
196.66666666666666,58.33223403880033,25.346082930494365,30.50522637884045,58.71604126604748,14.67901031651187,73.0112443553122,1.2516449191153551
196.83333333333334,58.04951637224414,25.350313803413176,30.47502322234839,58.76866344395492,14.69216586098873,72.74168223323286,1.253097127748228
197.0,57.96266049862632,25.352330928461214,30.47316493203649,58.80251042730541,14.700627606826352,72.66328810545266,1.2536223748248192
197.16666666666666,59.01460772429207,25.352843548245577,30.497214634357228,58.81864742768971,14.704661856922428,73.71926958121449,1.2491698652920058
197.33333333333334,58.93903278674684,25.355661227424463,30.503478803380723,58.822748385964616,14.705687096491154,73.644719883238,1.2495067598021037
197.5,58.454572323263534,25.359430626827383,30.50906779129652,58.8452898193957,14.711322454848926,73.16589477811246,1.2516710305139667
197.66666666666666,59.357926911552156,25.362180009516393,30.532963704518153,58.87544501461906,14.718861253654765,74.07678816520692,1.2479679129560404
197.83333333333334,59.22665697836115,25.366999145615697,30.551824729517733,58.89744007613115,14.724360019032787,73.95101699739394,1.2486103516599363
198.0,58.45160079219241,25.37242792282601,30.567342447636296,58.93599316492558,14.733998291231394,73.1855990834238,1.2520717669241226
198.16666666666666,59.47635975117729,25.375746185832767,30.58045803696718,58.979423382608076,14.744855845652019,74.22121559682931,1.247911202153897
198.33333333333334,59.45927082859276,25.380892168809208,30.578633037680575,59.00596948666214,14.751492371665535,74.2107632002583,1.2480940678568135
198.5,59.15186375321698,25.386848778762893,30.591075687949296,59.04713735047366,14.761784337618415,73.9136480908354,1.2495573833346139
198.66666666666666,59.31989240177188,25.39218235523912,30.5888850487145,59.09479023010314,14.773697557525786,74.09358995929767,1.249051320886828
198.83333333333334,58.66177069462353,25.39754832386749,30.577917891286262,59.137458841912974,14.784364710478243,73.44613540510177,1.252027249355316
199.0,58.880392135384206,25.40084135043186,30.594496565710365,59.18038659093992,14.79509664773498,73.67548878311919,1.251273745149599
199.16666666666666,58.89231706343587,25.403583804653323,30.58053138516838,59.20673080345489,14.801682700863722,73.69399976429959,1.2513346976129347
199.33333333333334,57.84855874821797,25.405996841443987,30.584020814660505,59.22867043722658,14.807167609306646,72.65572635752461,1.255964330481488
199.5,59.47010048634364,25.405066163728183,30.565337006614506,59.24797473155189,14.811993682887973,74.28209416923161,1.2490662292775059
199.66666666666666,59.000915814220036,25.40717715647341,30.579112787873576,59.24052930982546,14.810132327456365,73.8110481416764,1.2510152956623584
199.83333333333334,58.81451457964921,25.409483884318195,30.58597440644758,59.257417251787274,14.814354312946818,73.62886889259603,1.2518826248728885
200.0,59.24528980667385,25.411284998337948,30.60347666308344,59.27587107454556,14.81896776863639,74.06425757531025,1.250129045144228
200.16666666666666,59.35714772265281,25.41405068547001,30.606915418428823,59.29027998670358,14.822569996675895,74.1797177193287,1.2497183669595207
200.33333333333334,59.59888147026862,25.417602704370925,30.620519053438628,59.312405483760074,14.828101370940018,74.42698284120864,1.2487983164304373
200.5,58.81378046273997,25.42221194779835,30.631199593110384,59.3408216349674,14.83520540874185,73.64898587148181,1.252240296271047
200.66666666666666,59.57571115280673,25.424942812381158,30.62738594198693,59.37769558238679,14.844423895596698,74.42013504840344,1.2491690591409308
200.83333333333334,59.12119114575702,25.428859056306457,30.638709006366508,59.39954249904926,14.849885624762315,73.97107677051933,1.251177037149869
201.0,59.69498882845269,25.431967073651883,30.648268542066496,59.43087245045166,14.857718112612915,74.55270694106561,1.2488938921709156
201.16666666666666,59.01263298337703,25.436269682046984,30.656292001967778,59.455736589215064,14.863934147303766,73.8765671306808,1.251877155718348
201.33333333333334,59.301360454289764,25.439081473091743,30.647811683283933,59.49015745637587,14.872539364093967,74.17389981838373,1.2507959218837468
201.5,59.131104117597786,25.441877781291183,30.626361236072135,59.51265178473395,14.878162946183487,74.00926706378127,1.2516131428324817
201.66666666666666,59.2089986510262,25.44409034674048,30.619843805749323,59.53502225032946,14.883755562582365,74.09275421360857,1.2513765796024725
201.83333333333334,59.59113700898398,25.4461649157167,30.63666492870054,59.55272277392385,14.888180693480962,74.47931770246494,1.2498388424982798
202.0,57.769035015799616,25.44925127934885,30.64120660423397,59.5693193257336,14.8923298314334,72.66136484723302,1.2577908706171117
202.16666666666666,59.05068812143065,25.447385790053524,30.65502676497561,59.5940102347908,14.8985025586977,73.94919068012835,1.2523002361642377
202.33333333333334,58.78217187694491,25.446704190343574,30.650241803321585,59.57908632042819,14.894771580107047,73.67694345705195,1.2533892693058004
202.5,59.23024304643252,25.445880034984302,30.661304276422058,59.573633522748594,14.893408380687148,74.12365142711967,1.2514493882628799
202.66666666666666,59.2554036304503,25.446332612795516,30.66953659988926,59.56704027987442,14.891760069968605,74.1471637004189,1.2513148026607313
202.83333333333334,58.85755180979919,25.447539004775884,30.67591660296218,59.570660902364125,14.892665225591031,73.75021703539022,1.253028961750182
203.0,58.37622668802268,25.447939111335504,30.634218999389496,59.58031203820707,14.895078009551767,73.27130469757445,1.2551565740820287
203.16666666666666,59.21664616197326,25.446461100534112,30.649390454614736,59.583512890684034,14.895878222671008,74.11252438464427,1.251548832771225
203.33333333333334,58.69687624862823,25.446505550894333,30.62166302030318,59.571688804272895,14.892922201068224,73.58979844969645,1.253725975773988
203.5,57.793066884972724,25.445824829582328,30.61972222919259,59.572044407154664,14.893011101788666,72.68607798676139,1.2576954625272037
203.66666666666666,58.391798448093596,25.442078975566428,30.63784189595205,59.566598636658625,14.891649659164656,73.28344810725825,1.2550298167713114
203.83333333333334,59.06000717772454,25.438550403573522,30.622199399324796,59.536631804531424,14.884157951132856,73.9441651288574,1.252017543891303
204.0,58.97122925657724,25.437214622842365,30.592602527703995,59.50840322858818,14.877100807147045,73.84833006372429,1.2522772713863306
204.16666666666666,58.636239857968235,25.43683257176305,30.59623446320434,59.49771698273892,14.87442924568473,73.51066910365296,1.2536729722389148
204.33333333333334,58.259994221851244,25.435978377313404,30.583828246520362,59.49466057410439,14.873665143526097,73.13365936537734,1.2552980882024791
204.5,58.85933703066168,25.433770195459118,30.582284494740517,59.48782701850723,14.871956754626808,73.73129378528849,1.2526694574707755
204.66666666666666,59.58347126189637,25.43266819276086,30.60458044737834,59.470161563672946,14.867540390918236,74.4510116528146,1.249524575793321
204.83333333333334,57.836413508932935,25.43434627306329,30.598639954285986,59.46134554208689,14.865336385521722,72.70174989445465,1.2570238277867236
205.0,59.026159550185824,25.432286142524845,30.607930210204753,59.474770184506326,14.868692546126582,73.8948520963124,1.2519000500699147
205.16666666666666,59.172218637580826,25.431797092431314,30.625634003614298,59.45828914019876,14.86457228504969,74.03679092263052,1.2512086351889646
205.33333333333334,59.55806727561858,25.432603881502853,30.639006167618348,59.45437673945051,14.863594184862627,74.4216614604812,1.2495647502474843
205.5,59.71006194214166,25.43523959027848,30.649386575686087,59.460831052022826,14.865207763005706,74.57526970514736,1.2489564954296968
205.66666666666666,58.80526915368466,25.439251435623717,30.62294025091458,59.48191672222785,14.870479180556963,73.67574833424163,1.252876645147116
205.83333333333334,59.0051077650423,25.44121570920849,30.634350375250023,59.51401148498974,14.878502871247434,73.88361063628973,1.2521561850288194
206.0,59.84088089001823,25.44261984684857,30.647889740478227,59.52972567366791,14.882431418416978,74.7233123084352,1.2487000725435418
206.16666666666666,59.93301999085869,25.44617418776808,30.6585397658045,59.54095877478855,14.885239693697137,74.81825968455583,1.248364585932221
206.33333333333334,59.59919764752741,25.451077614115565,30.667500342462493,59.569393502144635,14.892348375536159,74.49154602306356,1.2498749809286063
206.5,58.55720919532634,25.455596273507762,30.67549493095132,59.60862091292452,14.90215522823113,73.45936442355747,1.2544888226917161
206.66666666666666,59.55931829243458,25.45669487018785,30.65787012846528,59.6447701880621,14.911192547015524,74.4705108394501,1.2503586839896652
206.83333333333334,58.99974596560783,25.458900497480972,30.64859014608935,59.653558961502796,14.913389740375699,73.91313570598354,1.25277040597885
207.0,58.9791433600568,25.459984898605438,30.639031175676987,59.671203979847775,14.917800994961944,73.89694435501875,1.252933497251588
207.16666666666666,59.451509851923554,25.460375360482715,30.649349900676835,59.6798791888435,14.919969797210875,74.37147964913443,1.2509603176500006
207.33333333333334,60.0,25.46178703014002,30.663879772059186,59.68300288386172,14.92075072096543,74.92075072096543,1.2486791786827571
207.5,59.35701807602893,25.465348387911185,30.675286262078433,59.694296241120156,14.923574060280039,74.28059213630897,1.2514205488079742
207.66666666666666,58.91832385117116,25.46807052019394,30.684824863467185,59.72278710328948,14.93069677582237,73.84902062699354,1.2534134679991509
207.83333333333334,59.05874085872325,25.468966595438342,30.689810646174582,59.74456416155152,14.93614104038788,73.99488189911114,1.2529031405548794
208.0,59.36411915852415,25.469271636244116,30.661823066966395,59.75173276350674,14.937933190876684,74.30205234940084,1.251632356423699
208.16666666666666,58.443696476303266,25.47015861115435,30.659270212775873,59.75417308995293,14.938543272488232,73.3822397487915,1.2556057226555692
208.33333333333334,59.54485144947511,25.468598975969762,30.673767450485034,59.7612688892348,14.9403172223087,74.48516867178381,1.2509086320416103
208.5,60.0,25.469032547839415,30.68444162321949,59.748791807758096,14.937197951939524,74.93719795193952,1.248953299198992
208.66666666666666,59.03355556258249,25.471887363708028,30.678498893277062,59.75226038271532,14.93806509567883,73.97162065826132,1.2530436283791635
208.83333333333334,58.58155789799972,25.473104385653656,30.68882948147491,59.77509890966422,14.943774727416056,73.52533262541579,1.255093501498128
209.0,59.24713666827561,25.472061105599142,30.679126273761636,59.78483508522925,14.946208771307312,74.19334543958291,1.2522688793382715
209.16666666666666,59.34024064716492,25.471802691578855,30.689348852770564,59.776488844793136,14.944122211198284,74.28436285836321,1.2518379104671236
209.33333333333334,59.93074088616777,25.47225191912515,30.697075957248728,59.77442153263084,14.94360538315771,74.87434626932549,1.249347916648345
209.5,59.138590865890436,25.474830021136434,30.70307023388597,59.778015353001194,14.944503838250299,74.08309470414073,1.2527030762728215
209.66666666666666,60.0,25.476137838150613,30.708251135612272,59.79864016909147,14.949660042272868,74.94966004227287,1.2491610007045477
209.83333333333334,59.43415640361101,25.479290702451305,30.712509874311877,59.80910270520491,14.952275676301227,74.38643207991224,1.2515771499264148
210.0,59.37092409876374,25.48167929847926,30.71650530958317,59.83432561961044,14.95858140490261,74.32950550366635,1.2519512982486
210.16666666666666,59.00163020538194,25.483407985756006,30.710637738505614,59.853434387834085,14.963358596958521,73.96498880234046,1.2536092400306866
210.33333333333334,59.20476556720143,25.48363847364991,30.716059225946182,59.86726388604805,14.966815971512013,74.17158153871344,1.2527974872989516
210.5,59.00550382496854,25.483658130677064,30.688949905400058,59.86910778919929,14.967276947299823,73.97278077226837,1.2536589975012862
210.66666666666666,59.01139676414847,25.482970315090792,30.697811565078275,59.86926504541651,14.967316261354128,73.9787130255026,1.2536343330623774
210.83333333333334,58.893717936652024,25.481934554240148,30.706182696033636,59.86376252072634,14.965940630181585,73.85965856683362,1.2541177761315636
211.0,59.81647753551239,25.480385934280903,30.71231409084471,59.85547643392118,14.963869108480296,74.78034664399269,1.2501629939609267
211.16666666666666,59.07568053818035,25.481344458665117,30.71661691071047,59.84308747424723,14.960771868561807,74.03645240674216,1.2532475585938063
211.33333333333334,59.99781796377767,25.481429746707875,30.720123469747293,59.85075566932093,14.962688917330233,74.9605068811079,1.2493872181545604
211.5,59.43767946561548,25.483785433797166,30.722815440452194,59.851437973662996,14.962859493415749,74.40053895903122,1.251740303927439
211.66666666666666,60.0,25.485643298119204,30.72542734362957,59.87028347037733,14.967570867594333,74.96757086759433,1.2494595144599054
211.83333333333334,59.2639043211375,25.48886005690313,30.72785971374615,59.88514638495363,14.971286596238407,74.23519091737592,1.2526206595352283
212.0,59.87820808006086,25.490541521923507,30.73047884306924,59.910880455225026,14.977720113806257,74.85592819386711,1.2501364117940892
212.16666666666666,58.32470513528216,25.493180196244616,30.709992279091324,59.92433217538806,14.981083043847015,73.30578817912917,1.2568565586246667
212.33333333333334,59.26356269860312,25.491647909854667,30.717894164127824,59.94544156995693,14.986360392489232,74.24992309109234,1.2528764675978965
212.5,59.585733713207034,25.490693160550762,30.72354981787231,59.93318327883733,14.983295819709333,74.56902953291637,1.2514577716173751
212.66666666666666,59.769485282147244,25.49103284110158,30.727631566129084,59.9255452844061,14.981386321101525,74.75087160324877,1.2506527578475963
212.83333333333334,59.37433701260595,25.492610669467908,30.73082234588444,59.928262728812626,14.982065682203157,74.3564026948091,1.2523323448482846
213.0,59.38239556719328,25.49364290941083,30.71659103904551,59.94088535574326,14.985221338935816,74.36761690612909,1.2523512430881893
213.16666666666666,58.60183920257873,25.494378910417343,30.69446122792362,59.949143275286644,14.987285818821661,73.58912502140039,1.2557477038734675
213.33333333333334,59.40247329835297,25.492613645460253,30.706346390422127,59.95503128333874,14.988757820834685,74.39123111918767,1.2523254839163454
213.5,59.68820693903663,25.491922688933762,30.71498145114549,59.94090916368202,14.985227290920506,74.67343422995714,1.2510584261012543
213.66666666666666,59.44978661660153,25.492679733725794,30.72139603157127,59.9353815114701,14.983845377867524,74.43363199446905,1.2520420380059571
213.83333333333334,59.33582212408156,25.493491216307927,30.72623665374008,59.94143786980635,14.985359467451588,74.32118159153315,1.2525516447065415
214.0,59.554348690472736,25.493973016386665,30.728119145876303,59.947929730463414,14.986982432615854,74.54133112308858,1.25165219269728
214.16666666666666,58.59056698587517,25.494915177694946,30.699587215829567,59.95178413109332,14.98794603277333,73.5785130186485,1.2558081753396682
214.33333333333334,59.01185320088051,25.49321462193148,30.709821681550427,59.959321421559565,14.989830355389891,74.0016835562704,1.2540138894530806
214.5,58.74117490259307,25.491381323250824,30.68023585326122,59.94571697545183,14.986429243862958,73.72760414645603,1.2551264810197285
214.66666666666666,58.78053443940562,25.488715704040608,30.690404818738248,59.93105058600659,14.982762646501648,73.76329708590727,1.2548932701853324
214.83333333333334,59.88879917195969,25.485782827351606,30.692640674806878,59.909725632324864,14.977431408081216,74.8662305800409,1.2500873554848924
215.0,58.95584661698595,25.486075923897992,30.687504304357933,59.88626261881285,14.971565654703213,73.92741227168916,1.2539453932697782
215.16666666666666,59.73787497758633,25.485328741093383,30.687270739302026,59.88860739118394,14.972151847795985,74.71002682538231,1.2506308075641046
215.33333333333334,58.84647816727691,25.48636512343341,30.69523785819143,59.882629928747065,14.970657482186766,73.81713564946368,1.2544019276672973
215.5,59.79264492112047,25.485687066683113,30.705030064201424,59.89092098746727,14.972730246866817,74.76537516798729,1.2504109036591224
215.66666666666666,58.985049842497645,25.486915017621,30.702538637922615,59.8854965334649,14.971374133366226,73.95642397586387,1.2538164191323549
215.83333333333334,59.227981373261464,25.48673941297054,30.686411809998436,59.89532014096801,14.973830035242003,74.20181140850346,1.2528168221853657
216.0,59.25827655915789,25.48653254217212,30.683106416679298,59.89391530376432,14.97347882594108,74.23175538509898,1.2526816454237066
216.16666666666666,59.52402875952863,25.486404016425826,30.695826922749017,59.89226033737697,14.973065084344242,74.49709384387288,1.2515465669307093
216.33333333333334,59.7749654432917,25.487111919248708,30.705488135529208,59.89123213140661,14.972808032851653,74.74777347614335,1.2504862683200764
216.5,59.99351338648422,25.48900134562408,30.713017607843376,59.89689535398966,14.974223838497416,74.96773722498163,1.2495973813374117
216.66666666666666,59.24991653354279,25.492133405489714,30.70309304023459,59.91201076499263,14.978002691248157,74.22791922479095,1.2527936504816637
216.83333333333334,59.51340114188295,25.493647090042845,30.70837803303285,59.93706724391771,14.984266810979427,74.49766795286237,1.2517797088298848
217.0,58.55047741262656,25.49503309529248,30.70232262022042,59.94917672034276,14.98729418008569,73.53777159271226,1.25597219429083
217.16666666666666,58.184290382794245,25.493450217107355,30.674951528922186,59.96026476233985,14.990066190584962,73.17435657337921,1.2576308156714704
217.33333333333334,60.0,25.48921175107533,30.691260740394846,59.94760173685884,14.98690043421471,74.9869004342147,1.2497816739035783
217.5,58.7477927619078,25.48904597018906,30.70260173556522,59.91369400860265,14.978423502150662,73.72621626405846,1.2549614683032433
217.66666666666666,58.55160105460106,25.48735864191198,30.69716583730779,59.912367761512485,14.978091940378121,73.52969299497917,1.255810117410976
217.83333333333334,59.9976131800543,25.48430647954207,30.70673555268974,59.898869135295854,14.974717283823963,74.97233046387827,1.2495885501125599
218.0,59.66251728225882,25.484895205844023,30.713300059083153,59.87445183633656,14.96861295908414,74.63113024134296,1.2508880556995068
218.16666666666666,59.678552234931956,25.48643998123236,30.718441760692883,59.87916164675218,14.969790411688045,74.64834264662,1.2508403748260786
218.33333333333334,59.318643893329956,25.488511271709402,30.69882189554521,59.89151984985887,14.972879962464717,74.29152385579468,1.252414400932526
218.5,59.95777162075011,25.489745117698565,30.708271747012873,59.90809017367522,14.977022543418805,74.93479416416892,1.249792848175758
218.66666666666666,59.26380207376957,25.492398215410972,30.712703496396916,59.91796094158852,14.97949023539713,74.24329230916669,1.2527595211787317
218.83333333333334,58.7524626132978,25.493687856307407,30.71977366759074,59.93918572328778,14.984796430821945,73.73725904411975,1.2550496739081427
219.0,59.066917194993714,25.49268707233584,30.715192882479567,59.949502850459254,14.987375712614813,74.05429290760853,1.2537355329234126
219.16666666666666,59.65613455002941,25.491408817809017,30.721739118159633,59.941496578686724,14.985374144671681,74.64150869470109,1.2511958620467523
219.33333333333334,58.47881613960123,25.491765605847807,30.708208939387102,59.931270542472134,14.982817635618034,73.46163377521927,1.2562093185992498
219.5,59.50628296038967,25.48949341120257,30.70885117241029,59.93412484678245,14.983531211695613,74.48981417208529,1.2517974651797592
219.66666666666666,59.549642094558,25.4889140414716,30.708657309177617,59.91594728962056,14.97898682240514,74.52862891696314,1.251537814427503
219.83333333333334,59.60517576099258,25.489392873939675,30.715861293057138,59.91131233177279,14.977828082943198,74.58300384393578,1.2512840184047431
220.0,59.898897875900445,25.490597161222986,30.71656663901927,59.9151429915174,14.97878574787935,74.8776836237798,1.2500678022308969
220.16666666666666,59.253617028224824,25.493038142968402,30.722288191924918,59.92477728978389,14.981194322445972,74.2348113506708,1.2528317269696776
220.33333333333334,59.38295596231961,25.49416711509252,30.72722865645908,59.944305143747215,14.986076285936804,74.36903224825642,1.2523632588355142
220.5,58.761404954957904,25.49494419426081,30.69980187221957,59.953336920740156,14.988334230185039,73.74973918514294,1.2550710664878413
220.66666666666666,59.512179582396804,25.49366214940744,30.710550044134152,59.95955355408648,14.98988838852162,74.50206797091843,1.2518793378717978
220.83333333333334,58.89134360334957,25.49353312412296,30.683586599871003,59.94929719525953,14.987324298814883,73.87866790216445,1.2544911252111839
221.0,59.48066874537714,25.49218272036603,30.695779141895116,59.94826499298367,14.987066248245917,74.46773499362305,1.2519653286415129
221.16666666666666,59.32689494162259,25.491959291735377,30.70366497436331,59.93746176292825,14.984365440732063,74.31126038235465,1.2525728922013635
221.33333333333334,58.13363650653067,25.49189279216835,30.70222351437007,59.935674333883014,14.983918583470754,73.11755509000142,1.257749548865526
221.5,59.0037267458228,25.48836137743552,30.68308816336523,59.935142337346804,14.983785584336701,73.9875123301595,1.2539464269584883
221.66666666666666,59.327244604070046,25.485633521681052,30.696248452429586,59.90689101948416,14.97672275487104,74.3039673589411,1.252442581057331
221.83333333333334,59.69718206287537,25.484369799791736,30.70562584987041,59.88506817344842,14.971267043362104,74.66844910623747,1.250786829897495
222.0,58.58836924902682,25.485029440623563,30.69975493136864,59.87495839833389,14.968739599583472,73.55710884861028,1.255489951187404
222.16666666666666,59.32178266437355,25.483412378537082,30.673102639637563,59.88023552498851,14.970058881247127,74.29184154562068,1.2523534898798243
222.33333333333334,59.23286065483582,25.482787295401778,30.686414610856275,59.86729902829666,14.966824757074164,74.19968541190998,1.2526777297535816
222.5,58.22708158001012,25.482449052456538,30.67880589677699,59.86229836321422,14.965574590803556,73.19265617081368,1.257020860134288
222.66666666666666,59.69815149632895,25.479280754773168,30.69157807670069,59.8595924196523,14.964898104913075,74.66304960124202,1.2506760717010361
222.83333333333334,59.41323785746704,25.47903885718433,30.69485861013664,59.83424603818534,14.958561509546335,74.37179936701338,1.2517715251512143
223.0,58.577757069274604,25.479536591361605,30.682935692688957,59.83231085747465,14.958077714368663,73.53583478364327,1.255354224243839
223.16666666666666,59.55726946689222,25.477935307781646,30.694031144753872,59.836292730892836,14.959073182723209,74.51634264961544,1.2511712393235042
223.33333333333334,58.896703308534036,25.478154087780375,30.67733456678222,59.82348246225317,14.955870615563292,73.85257392409733,1.2539339177817141
223.5,60.0,25.47738522626881,30.68943445273416,59.825232702243,14.95630817556075,74.95630817556075,1.2492718029260126
223.66666666666666,59.468043746650274,25.479385067437807,30.688331054685435,59.81908181015049,14.954770452537623,74.4228141991879,1.2514757424382235
223.83333333333334,59.92964995218768,25.481249020106194,30.698105819626477,59.83508053950246,14.958770134875614,74.8884200870633,1.2496054982268348
224.0,58.584825717056866,25.484367589573132,30.705744942904044,59.84999216084955,14.962498040212388,73.54732375726925,1.2553988657826813
224.16666666666666,59.558880533868724,25.484085224448947,30.70337791363039,59.87494071658506,14.968735179146265,74.527615713015,1.2513266711021231
224.33333333333334,59.04107873835527,25.484870640894226,30.69206494118328,59.872681795591575,14.968170448897894,74.00924918725316,1.253521290070434
224.5,59.578010177885034,25.484672806303273,30.695122620194393,59.878965127153805,14.969741281788451,74.54775145967349,1.2512628608624652
224.66666666666666,58.674895908386205,25.485546415720435,30.704539331172697,59.87738245042618,14.969345612606546,73.64424152099275,1.2551235137422208
224.83333333333334,59.78197800452362,25.48428982479439,30.702294347852867,59.88437132576348,14.97109283144087,74.7530708359645,1.2504281947698022
225.0,58.991227335846645,25.485207652287844,30.694055482088835,59.87431859835513,14.968579649588783,73.95980698543542,1.2537424685940202
225.16666666666666,59.98394538954258,25.484924740613092,30.70367381775059,59.88166121830275,14.970415304575688,74.95436069411826,1.2495737018856645
225.33333333333334,58.235423589097216,25.486954322515917,30.68585172949652,59.87939792490474,14.969849481226184,73.2052730703234,1.2570574498925569
225.5,59.72421048351217,25.484979984723935,30.693287054939045,59.895634580127336,14.973908645031834,74.698119128544,1.2507175653525904
225.66666666666666,59.82936699483575,25.485321014088566,30.703213942983066,59.87983987779148,14.96995996944787,74.79932696428362,1.2502109034638462
225.83333333333334,58.5726921489382,25.487218036592203,30.70642785624776,59.882568112708526,14.970642028177132,73.54333417711533,1.2555908133795504
226.0,59.550342937851084,25.486169353954445,30.70957054366371,59.89774429273763,14.974436073184407,74.52477901103549,1.2514584355763034
226.16666666666666,59.59219692785028,25.486464011694654,30.715903593732932,59.88935483163556,14.97233870790889,74.56453563575917,1.2512466309311647
226.33333333333334,59.84470249712553,25.487602043471412,30.707857472769994,59.89171209355723,14.972928023389308,74.81763052051484,1.250196381611363
226.5,59.308607114928826,25.489919460760536,30.71493951341319,59.9008163477713,14.975204086942824,74.28381120187166,1.2524963039162886
226.66666666666666,58.670672655568154,25.491221884996726,30.719584642394857,59.91935568608429,14.979838921521072,73.65051157708922,1.25532072913944
226.83333333333334,59.03854229284129,25.490045136025408,30.69676666038423,59.92977507997381,14.982443769993452,74.02098606283474,1.2537739447508367
227.0,59.39032682591113,25.48865219646422,30.685346975573736,59.920361088203265,14.980090272050816,74.37041709796195,1.252231147270185
227.16666666666666,59.17487995706689,25.488223590454602,30.692942868609062,59.909217571713754,14.977304392928438,74.15218434999534,1.2531024043275614
227.33333333333334,58.66258897153552,25.487685496658383,30.680044744934694,59.90578872363682,14.976447180909204,73.63903615244473,1.2552980944665797
227.5,58.37916102194316,25.48557676389264,30.658830774902786,59.90148397326706,14.975370993316766,73.35453201525993,1.2565191196853263
227.66666666666666,57.92619899323929,25.48182737951636,30.653151467086225,59.88461411114113,14.971153527785283,72.89735252102457,1.2584521993154187
227.83333333333334,59.979549039837,25.475935221508912,30.671883827188637,59.854619036130885,14.963654759032721,74.94320379886972,1.2494792808311082
228.0,58.981920203947325,25.475140779747708,30.684753206788702,59.8074817720713,14.951870443017825,73.93379064696515,1.2534992145273898
228.16666666666666,59.11859062123737,25.474151905185785,30.660339558663072,59.80112623798166,14.950281559495416,74.06887218073278,1.2528862985804126
228.33333333333334,58.571628343782926,25.473488981920934,30.667596052774915,59.79321524148628,14.94830381037157,73.5199321541545,1.2552140726331413
228.5,59.68016211787264,25.471390640784143,30.67633711154312,59.78791185536747,14.946977963841867,74.62714008171451,1.250451363290879
228.66666666666666,58.58122375594596,25.47186721989415,30.686837810553033,59.77112512627315,14.942781281568287,73.52400503751426,1.255077998094084
228.83333333333334,58.90096491209824,25.47045313048402,30.65627418657034,59.774937759153204,14.943734439788301,73.84469935188653,1.2537095013993371
229.0,59.13978299278609,25.4690035112838,30.671005559412553,59.76362504387217,14.940906260968042,74.08068925375413,1.25263715057579
229.16666666666666,59.417674379784444,25.46828105050384,30.68243364319142,59.752028090270386,14.938007022567596,74.35568140235205,1.2514067939968032
229.33333333333334,58.77322316067906,25.468796398228505,30.690968740170568,59.74624840403072,14.93656210100768,73.70978526168673,1.2541388968948133
229.5,58.32336553405929,25.46805008877045,30.66341479481356,59.750371185828044,14.937592796457011,73.2609583305163,1.2561167837225349
229.66666666666666,59.29167276901176,25.46530134622319,30.656667451220404,59.7444007101636,14.9361001775409,74.22777294655266,1.2519089018744487
229.83333333333334,59.742989955189294,25.464419694485354,30.66221175416504,59.72241076978551,14.930602692446378,74.67359264763567,1.2499138845184212
230.0,59.39678076211251,25.465912014485635,30.674642216146065,59.71535755588283,14.928839388970708,74.32562015108323,1.2513408840920448
230.16666666666666,59.18964122933136,25.467620383398305,30.668546797232793,59.72729611588508,14.93182402897127,74.12146525830263,1.252270899414944
230.33333333333334,59.35708032608033,25.46878708834127,30.66103864184634,59.74096306718644,14.93524076679661,74.29232109287693,1.2516168363529558
230.5,58.77189377659833,25.470130720677304,30.659720184182333,59.750296706730154,14.937574176682539,73.70946795328086,1.2541618657629565
230.66666666666666,58.43870735631246,25.469795360448835,30.674103645252565,59.76104576541843,14.940261441354608,73.37896879766707,1.2556569458366156
230.83333333333334,59.14162579824452,25.46756915275574,30.650942350769217,59.75836288359068,14.93959072089767,74.08121651914219,1.2526070347112628
231.0,58.6474200992066,25.466467667550212,30.662274958420507,59.74055322204592,14.93513830551148,73.58255840471807,1.2546597664526
231.16666666666666,59.65822140653792,25.464530263171028,30.670390613018707,59.7317413404017,14.932935335100424,74.59115674163834,1.2503080880226163
231.33333333333334,59.0225835227322,25.465196971802328,30.651767245729477,59.716242105368224,14.929060526342056,73.95164404907425,1.2529381066586522
231.5,58.42969239179202,25.465362992019017,30.643844056671714,59.721575774418625,14.930393943604656,73.36008633539667,1.2555275123389495
231.66666666666666,58.23618034487463,25.46348976874219,30.64971288212295,59.722903936152136,14.930725984038034,73.16690632891266,1.2563823021293339
231.83333333333334,59.08100867300144,25.459984448521,30.66489785512753,59.70791814993751,14.926979537484378,74.00798821048582,1.2526527537825474
232.0,58.46967224897012,25.458197456915446,30.621800912470295,59.67987558816799,14.919968897041997,73.38964114601211,1.2551744917178802
232.16666666666666,58.76022683682291,25.455563604397142,30.61058654858886,59.66557965532357,14.916394913830892,73.6766217506538,1.2538518946710961
232.33333333333334,58.24009008338798,25.45340146000197,30.627961362076967,59.644508835177135,14.911127208794284,73.15121729218227,1.2560285739160872
232.5,58.70018333871528,25.449999324931163,30.615538820676345,59.62721168001576,14.90680292000394,73.60698625871922,1.2539481492585436
232.66666666666666,58.12269668615156,25.447379864154897,30.5981902166501,59.5999945994493,14.899998649862326,73.0226953360139,1.2563542213176844
232.83333333333334,58.56036381728954,25.443529027041514,30.621806799389336,59.579038913239174,14.894759728309793,73.45512354559933,1.25434882499675
233.0,59.408909437442176,25.440409792887962,30.633081910199586,59.54823221633211,14.887058054083028,74.2959674915252,1.2505862873944718
233.16666666666666,59.629050472263984,25.440287994446987,30.64673140607777,59.5232783431037,14.880819585775924,74.50987005803991,1.2495565411140939
233.33333333333334,58.32070264006717,25.442444410879112,30.619232380402106,59.52230395557589,14.880575988893973,73.20127862896115,1.2551508352142315
233.5,58.807394629903904,25.441885308124316,30.636663816229966,59.5395552870329,14.884888821758224,73.69228345166212,1.2531125365344644
233.66666666666666,59.0655577279558,25.441320747938626,30.612370394601488,59.53508246499453,14.883770616248633,73.94932834420443,1.251987303409549
233.83333333333334,58.42281768382788,25.441535442664044,30.598706328580416,59.53056598350901,14.882641495877252,73.30545917970514,1.2547402211310488
234.0,58.55808812079778,25.440253117794953,30.61297994808452,59.53228354131235,14.883070885328088,73.44115900612587,1.2541590984771607
234.16666666666666,59.704735045221405,25.438595765719842,30.622151838432007,59.52202494235962,14.880506235589905,74.58524128081132,1.249234942996048
234.33333333333334,58.77315990329259,25.440189053937676,30.63498803697715,59.50876612575874,14.877191531439685,73.65035143473227,1.2531290057556739
234.5,58.93793145375948,25.440727569856325,30.61122552537913,59.52151243150141,14.880378107875352,73.81830956163483,1.2524754049020188
234.66666666666666,57.88725904929214,25.44117317549106,30.62362689333772,59.5258205588506,14.88145513971265,72.76871418900478,1.2570765205352146
234.83333333333334,59.59476123962408,25.438430622915938,30.639709341469466,59.52938540392847,14.882346350982118,74.4771075906062,1.2497257483949271
235.0,56.90799631703891,25.439114137954405,30.616766023352213,59.5074449833275,14.876861245831876,71.78485756287078,1.2614195228901
235.16666666666666,58.796245431736494,25.4336362540553,30.633991764924165,59.51291310363524,14.87822827590881,73.6744737076453,1.2530472510048742
235.33333333333334,57.89947758591155,25.430582571375844,30.64581188138396,59.46909003244241,14.867272508110602,72.76675009402214,1.256777316963706
235.5,57.71978462626549,25.426245138630225,30.582215182007072,59.44466057100675,14.861165142751688,72.58094976901718,1.2574709042831231
235.66666666666666,58.518579401190415,25.42078556852892,30.594116256803332,59.4099611090418,14.85249027726045,73.37106967845087,1.253808114093732
235.83333333333334,58.568960034032,25.417230927250436,30.608879548643138,59.36628454823136,14.84157113705784,73.41053117108984,1.253403357826979
236.0,58.25831097953582,25.414943076143423,30.62277273402583,59.33784741800349,14.834461854500873,73.0927728340367,1.2546325426377658
236.16666666666666,58.43037466964299,25.41247151912056,30.632813291672875,59.319544609147385,14.829886152286846,73.26026082192983,1.25380439944349
236.33333333333334,58.12509244684453,25.410473453291832,30.635253348096875,59.29977215296449,14.824943038241123,72.95003548508566,1.2550523777970515
236.5,58.37045514774462,25.407871779787932,30.609656120434913,59.28378762633466,14.820946906583664,73.19140205432828,1.2539117926880912
236.66666666666666,57.41620841121499,25.405737997217056,30.592741390143935,59.26297423830346,14.815743559575864,72.23195197079085,1.2580411345428015
236.83333333333334,58.66793358019443,25.401069470488792,30.593409327708997,59.24590397773645,14.811475994434112,73.47940957462853,1.2524628888486073
237.0,59.16448246379769,25.398870976425727,30.60713793313276,59.20855576391034,14.802138940977585,73.96662140477528,1.250186232086707
237.16666666666666,58.16130879533841,25.399539281147252,30.55295223375679,59.19096781140581,14.797741952851453,72.95905074818987,1.2544258762285192
237.33333333333334,59.00047847852026,25.398754977168984,30.57594914980214,59.196314249178016,14.799078562294504,73.79955704081476,1.2508298058579688
237.5,58.316893799788325,25.399702359057148,30.569460256141674,59.190039817351874,14.797509954337968,73.1144037541263,1.253743109246187
237.66666666666666,56.9952301349535,25.39952793610613,30.51633473486503,59.197618872457184,14.799404718114296,71.7946348530678,1.259660408126649
237.83333333333334,56.71050977595799,25.394817964243547,30.502959861963173,59.19622348884903,14.799055872212257,71.50956564817025,1.2609579058745513
238.0,57.0846421981233,25.38692490079326,30.47751067195302,59.158543713948376,14.789635928487094,71.87427812661039,1.2590825721068164
238.16666666666666,58.632233031035426,25.378618744376617,30.487488456222227,59.09539920634609,14.773849801586522,73.40608283262195,1.2519748786263414
238.33333333333334,58.26646363049964,25.374899191950025,30.49734312155439,59.02894995501293,14.757237488753233,73.02370111925288,1.2532715488335995
238.5,57.08323508196489,25.372661318665035,30.456117253457972,58.9991935356002,14.74979838390005,71.83303346586493,1.2583910733636776
238.66666666666666,57.70146639789265,25.36775769192225,30.44915166423891,58.98129054932028,14.74532263733007,72.44678903522272,1.2555450243785935
238.83333333333334,57.76667546303889,25.36337366460988,30.453013013795573,58.942061535378,14.7355153838445,72.5021908468834,1.2550867825736796
239.0,55.87092758904083,25.359572186544646,30.426863178833678,58.90698931687905,14.726747329219762,70.5976749182606,1.263585158949615
239.16666666666666,59.55972146774991,25.350536795572626,30.46003188963262,58.87657749235717,14.719144373089293,74.2788658408392,1.2471325253100678
239.33333333333334,56.914688283961674,25.34987300361952,30.442756455518403,58.80429436458101,14.701073591145253,71.61576187510693,1.258300168803489
239.5,58.03225446333259,25.34587803750469,30.463954109178815,58.79898402895617,14.699746007239042,72.73200047057163,1.2533030319634921
239.66666666666666,57.67401047765177,25.34350683157453,30.423547638199807,58.76702430003752,14.69175607500938,72.36576655266114,1.2547378958621633
239.83333333333334,58.83257055192924,25.341005248599068,30.45247656989933,58.74805465259624,14.68701366314906,73.5195842150783,1.2496408626270272
240.0,58.04714506208135,25.341942718190268,30.463561767101073,58.72804198879254,14.682010497198135,72.72915555927949,1.2529325168618672
240.16666666666666,58.023511179689216,25.342378319722332,30.458685197789855,58.73554174552214,14.683885436380535,72.70739661606976,1.2530678536655078
240.33333333333334,58.09154782602481,25.34246163900865,30.445851238114884,58.73902655777866,14.684756639444664,72.77630446546948,1.2527864584263315
240.5,58.3035541257159,25.34255500236162,30.444191946949623,58.739693112069205,14.684923278017301,72.9884774037332,1.2518701217828543
240.66666666666666,56.66385711626411,25.34328247301975,30.43352206857894,58.74044001889297,14.685110004723242,71.34896712098735,1.25916184940591
240.83333333333334,58.06478906662139,25.339454750952395,30.439859525586066,58.74625978415801,14.686564946039503,72.7513540126609,1.2529340962418496
241.0,58.554855812978055,25.337428480249514,30.473937221342688,58.71563800761916,14.67890950190479,73.23376531488285,1.2506864596983838
241.16666666666666,57.81067637048586,25.337884135283076,30.459872924637338,58.69942784199611,14.674856960499028,72.48553333098488,1.2538433708412897
241.33333333333334,57.28981470590011,25.33745520435598,30.424118983750528,58.70307308226461,14.675768270566152,71.96558297646627,1.2561671449961023
241.5,57.29793429422324,25.33500852403932,30.43704826570701,58.699641634847836,14.674910408711959,71.97284470293519,1.2561158720549455
241.66666666666666,57.422558976429286,25.33155553840061,30.424277153563718,58.680068192314565,14.670017048078641,72.09257602450793,1.255474804842821
241.83333333333334,56.57934874113616,25.328014358616784,30.38966888563974,58.65244430720489,14.663111076801222,71.24245981793737,1.2591601247283422
242.0,57.75578367087649,25.32200290633644,30.416490154911457,58.62411486893427,14.656028717233568,72.41181238811006,1.2537586330877528
242.16666666666666,57.41639792214035,25.318305227644448,30.37283814386776,58.57602325069152,14.64400581267288,72.06040373481324,1.2550491905209888
242.33333333333334,57.47704083399037,25.314938803071854,30.36067298173599,58.54644182115558,14.636610455288896,72.11365128927926,1.2546514267768842
242.5,58.28258100920351,25.31201455606669,30.390702929109576,58.51951042457483,14.629877606143708,72.91245861534722,1.2510162959981728
242.66666666666666,58.51801135170563,25.311798537214056,30.412725831041463,58.49611644853351,14.624029112133378,73.14204046383901,1.2499064608371577
242.83333333333334,58.944138824390855,25.313752240773734,30.446768556560517,58.49438829771245,14.623597074428112,73.56773589881897,1.2480924713820218
243.0,58.37715704836456,25.318098893763153,30.468903402961605,58.510017926189875,14.627504481547469,73.00466152991203,1.2505689763108678
243.16666666666666,58.19668441183099,25.321944707327727,30.43580230308309,58.544791150105226,14.636197787526307,72.8328821993573,1.251495389049189
243.33333333333334,57.20942419942954,25.3248882797078,30.419433690380636,58.57555765862182,14.643889414655455,71.853313614085,1.2559698794311842
243.5,57.886488517610374,25.32433366255322,30.456446687839485,58.5991062376624,14.6497765594156,72.53626507702597,1.2530776513582924
243.66666666666666,58.40891839999148,25.323917047452845,30.461566276910535,58.59466930042575,14.648667325106437,73.05758572509791,1.250795045112641
243.83333333333334,56.99977271478783,25.325140099406052,30.441496808204125,58.59133637962276,14.64783409490569,71.64760680969351,1.2569805702243704
244.0,56.952692688637484,25.323025436100668,30.419853476540055,58.60112079524842,14.650280198812105,71.6029728874496,1.2572359533359687
244.16666666666666,55.90686924699151,25.319018620578493,30.37465461632672,58.58420348880534,14.646050872201336,70.55292011919285,1.2619722955241226
244.33333333333334,55.89172980121775,25.310974953698707,30.365519389171684,58.552148964627946,14.638037241156987,70.52976704237474,1.2618998784474562
244.5,56.80508914480252,25.300901907650594,30.34758323578804,58.48779962958966,14.621949907397415,71.42703905219994,1.2574056326207752
244.66666666666666,56.339783472786955,25.292697691115915,30.349818130159537,58.407215261204755,14.601803815301189,70.94158728808814,1.259173942731855
244.83333333333334,55.902130694123464,25.284320136944437,30.34426593367156,58.34158152892732,14.58539538223183,70.4875260763553,1.260909471627082
245.0,57.18646149201691,25.274752058750362,30.349830477034967,58.2745610955555,14.568640273888875,71.75510176590578,1.2547568059604914
245.16666666666666,58.021133219522724,25.26859787424823,30.34094579966046,58.1980164700029,14.549504117500724,72.57063733702344,1.250762150102321
245.33333333333334,56.76949007405647,25.26692406725831,30.304319614769494,58.14878299398583,14.537195748496458,71.30668582255294,1.2560740941927173
245.5,57.800015805724556,25.263987767168445,30.354939722504927,58.13539253806647,14.533848134516617,72.33386394024117,1.251450591006191
245.66666666666666,57.17532040109249,25.263508257139474,30.376426738385003,58.111902137347556,14.527975534336889,71.70329593542938,1.2540952185736993
245.83333333333334,56.88444876989641,25.262509144813375,30.36755110030158,58.10806605711579,14.527016514278948,71.41146528417536,1.2553776441262932
246.0,55.72228028204445,25.260388042214466,30.315297928559794,58.100073158507,14.52501828962675,70.2472985716712,1.2606680526372354
246.16666666666666,57.00049000038618,25.254253776446053,30.265567964434233,58.083104337715724,14.520776084428931,71.52126608481511,1.2547482676785857
246.33333333333334,56.87008714992187,25.249905305259038,30.29889018862723,58.03403021156842,14.508507552892105,71.37859470281398,1.2551166752152945
246.5,55.82743993683003,25.246240680300623,30.25427863107787,57.9992424420723,14.499810610518075,70.32725054734811,1.2597255153903697
246.66666666666666,57.77887035721963,25.239932520871758,30.299379280180016,57.969925442404985,14.492481360601246,72.27135171782088,1.2508266650247926
246.83333333333334,56.99903669919555,25.238158310478145,30.325507456719436,57.91946016697406,14.479865041743516,71.47890174093907,1.2540370132596974
247.0,55.69727054854444,25.23655722128252,30.258632295511767,57.90526648382516,14.47631662095629,70.17358716950073,1.2599107008006627
247.16666666666666,55.715183746525184,25.23121470841061,30.198470897682835,57.892457770260165,14.473114442565041,70.18829818909023,1.2597696618647103
247.33333333333334,55.591765652775045,25.224034535983822,30.186692212556135,57.84971766728489,14.462429416821223,70.05419506959626,1.2601541657653623
247.5,56.66706708353354,25.21567013544276,30.19060646195491,57.79227628787058,14.448069071967645,71.11513615550118,1.25496412317704
247.66666666666666,57.50950662668749,25.210071365585243,30.217935109846408,57.72536108354208,14.43134027088552,71.94084689757301,1.2509383424998572
247.83333333333334,57.578874078515476,25.208612083604542,30.234014298065052,57.680570924681945,14.420142731170486,71.99901680968597,1.2504415545102003
248.0,56.61352527184976,25.20963237759586,30.25119184785845,57.66889666883634,14.417224167209085,71.03074943905884,1.2546604207736527
248.16666666666666,56.56671650454365,25.209094709576537,30.258063258146624,57.677059020766876,14.419264755191719,70.98598125973537,1.2549072254182105
248.33333333333334,57.39604362228336,25.207588890047454,30.30592788943946,57.67275767661229,14.418189419153073,71.81423304143644,1.2512052836609697
248.5,57.36343165864609,25.208065016395402,30.295114397262594,57.66071112037963,14.415177780094908,71.778609438741,1.2512955965723187
248.66666666666666,55.81728551540967,25.209503587282818,30.234500263983143,57.664520131163215,14.416130032790804,70.23341554820047,1.258273577793583
248.83333333333334,57.235605551734835,25.20682538904913,30.231419949228698,57.67602869826254,14.419007174565635,71.65461272630047,1.2519237288672067
249.0,56.351894878944705,25.20620912503973,30.219339005508633,57.65460311239303,14.413650778098258,70.76554565704296,1.2557793452919677
249.16666666666666,56.76725550479443,25.204092327579193,30.196935163892217,57.64967300031785,14.412418250079462,71.17967375487389,1.253886120121876
249.33333333333334,56.8233011961688,25.20245269479179,30.21061015793754,57.632738620633546,14.408184655158387,71.2314858513272,1.2535612037994344
249.5,57.195381086002115,25.201278019642817,30.251327914595535,57.61962155833433,14.404905389583583,71.6002864755857,1.251854347607608
249.66666666666666,56.597574786711945,25.20149086612167,30.222521866566566,57.61022415714254,14.402556039285635,71.00013082599759,1.2544730245697222
249.83333333333334,55.9170278823488,25.20066922344836,30.19713372402614,57.61192692897336,14.40298173224334,70.32000961459214,1.2575777411229307
250.0,55.383011712466526,25.1972832010657,30.149366459773855,57.60535378758689,14.401338446896723,69.78435015936324,1.2600316956698658
250.16666666666666,55.84952356514008,25.191004997610296,30.145423723357098,57.57826560852561,14.394566402131403,70.24408996727149,1.2577383920803247
250.33333333333334,55.20185354862984,25.184706219596467,30.13835156594811,57.52803998088237,14.382009995220592,69.58386354385044,1.2605349108893749
250.5,55.483268372225275,25.176623389684703,30.119914415241144,57.47764975677174,14.369412439192935,69.85268081141821,1.2589864090700578
250.66666666666666,56.90660716007001,25.16861232865896,30.124759446525037,57.41298711747763,14.353246779369407,71.25985393943941,1.252224609683649
250.83333333333334,57.2128857232468,25.16507288451122,30.173776277267432,57.34889862927167,14.337224657317918,71.55011038056472,1.2505943281146612
251.0,55.60766705853638,25.164948692156454,30.17885463852488,57.32058307608975,14.330145769022437,69.93781282755882,1.257700898581801
251.16666666666666,54.858782506885404,25.161895974944017,30.132691651060714,57.31958953725163,14.329897384312908,69.18867989119832,1.2612142801841135
251.33333333333334,54.524224030602305,25.155106591812523,30.171814608608354,57.29516779955213,14.323791949888033,68.84801598049035,1.2627051040992103
251.5,56.551247018043085,25.14546862357285,30.189362969418184,57.24085273450018,14.310213183625045,70.86146020166814,1.2530485875768447
251.66666666666666,55.501033302917904,25.1405605159575,30.15725020704072,57.163748988582796,14.290937247145699,69.79197055006361,1.2574895708544291
251.83333333333334,54.99161990040396,25.13520366090786,30.135346120719994,57.12448412766,14.281121031915,69.27274093231895,1.2596963147799558
252.0,56.12644594602372,25.128219687160534,30.062797280562382,57.08162928726287,14.270407321815718,70.39685326783945,1.2542546046036738
252.16666666666666,55.9267790193566,25.123905234465404,30.137647271467525,57.025757497284275,14.256439374321069,70.18321839367766,1.2549125772000354
252.33333333333334,55.352866401207976,25.120545282755824,30.193899167419403,56.99124187572323,14.247810468930808,69.60067687013878,1.2573996866875872
252.5,54.807277423978164,25.116075641648717,30.235957766309028,56.96436226204659,14.241090565511648,69.0483679894898,1.2598394088315208
252.66666666666666,55.24242707115554,25.109492208777663,30.266938212818477,56.928605133189734,14.232151283297434,69.47457835445297,1.2576308109157763
252.83333333333334,56.63916349123724,25.103223056811462,30.288974878523046,56.875937670221305,14.218984417555326,70.85814790879257,1.2510450992051672
253.0,56.36167384491637,25.10143464989325,30.30427206382981,56.825784454491696,14.206446113622924,70.56811995853928,1.252058626802197
253.16666666666666,54.907895407441245,25.101286028723457,30.315501250987772,56.811477199146,14.2028692997865,69.11076470722774,1.2586671587828095
253.33333333333334,56.770262331408645,25.09770060034857,30.324021436162937,56.81028822978766,14.202572057446915,70.97283438885556,1.2501762626097506
253.5,54.774707610817934,25.097888453282064,30.32965933239761,56.781604802788564,14.195401200697141,68.97010881151508,1.259159780487693
253.66666666666666,56.56780881783238,25.094171911508145,30.33399959927486,56.78310762625651,14.195776906564127,70.7635857243965,1.2509515076371327
253.83333333333334,56.15597908162153,25.093773002465724,30.336421578378022,56.75337529206516,14.18834382301629,70.34432290463782,1.2526595396439235
254.0,56.60766815571239,25.093951305826366,30.338171917446523,56.75018401972579,14.187546004931448,70.79521416064384,1.2506294017606474
254.16666666666666,55.67617902704821,25.095781513483917,30.339547962298866,56.751610446610925,14.187902611652731,69.86408163870094,1.2548289566487683
254.33333333333334,56.31943908898637,25.09568730887504,30.34103214115245,56.76625210787134,14.191563026967835,70.5110021159542,1.2519833872021477
254.5,55.8971151163243,25.096469782785146,30.342140514419732,56.76549847100031,14.191374617750078,70.08848973407439,1.253883846925145
254.66666666666666,56.864973582558825,25.096449951447116,30.343171292601973,56.77175826228117,14.192939565570292,71.05791314812912,1.2495901900836095
254.83333333333334,56.50238893702072,25.098877511304657,30.343951925660342,56.77159961157693,14.192899902894233,70.69528883991495,1.2511911473108521
255.0,55.20559350582064,25.10148910159896,30.345124684147084,56.79102009043726,14.197755022609314,69.40334852842994,1.2571796464992693
255.16666666666666,55.13755333143156,25.100276521881923,30.346640021635626,56.81191281279169,14.202978203197922,69.34053153462949,1.2575917382083295
255.33333333333334,56.14447417589494,25.0968243419691,30.347505855027602,56.80221217505539,14.200553043763847,70.34502721965879,1.2529287744199893
255.5,56.263384281865925,25.095243263047912,30.347343590013672,56.7745947357528,14.1936486839382,70.45703296580413,1.2522715059732537
255.66666666666666,56.70337226471959,25.09506618992182,30.346843512164682,56.7619461043833,14.190486526095825,70.89385879081541,1.2502582467202756
255.83333333333334,56.84827405539172,25.096961784321124,30.346420340202094,56.76052951937456,14.19013237984364,71.03840643523536,1.2496141284081392
256.0,54.725093233912375,25.100362317885576,30.34654925546853,56.77569427456899,14.193923568642248,68.91901680255462,1.2593677366244571
256.1666666666667,55.95432955035736,25.09817374945302,30.34745712747259,56.80289854308461,14.200724635771152,70.15505418612851,1.2537913464406876
256.3333333333333,54.832524131486075,25.096676583054265,30.347627751753645,56.78538999562417,14.196347498906043,69.02887163039212,1.2589037751547567
256.5,54.92380248913409,25.09225115717115,30.347401283015696,56.77341266443412,14.19335316610853,69.11715565524261,1.25841898271549
256.6666666666667,55.77117339837503,25.086623398546447,30.346175062576517,56.738009257369214,14.184502314342303,69.95567571271734,1.25433394081602
256.8333333333333,55.768817127875636,25.083005926505137,30.343900856855072,56.692987188371575,14.173246797092894,69.94206392496852,1.254142862033351
257.0,55.26459804372611,25.080556775646524,30.341306825819373,56.6640474120411,14.166011853010275,69.43060989673639,1.2563306774040397
257.1666666666667,54.676594168441405,25.077298557934377,30.33874729006393,56.644454205172195,14.161113551293049,68.83770771973445,1.2589977259312661
257.3333333333333,57.00844840908055,25.071933048199128,30.336021401461657,56.618388463475014,14.154597115868754,71.1630455249493,1.248289464296561
257.5,54.58321743423373,25.072500382108405,30.332667031637246,56.57546438559302,14.143866096398256,68.72708353063199,1.25912481457217
257.6666666666667,55.357325244058366,25.069042397345797,30.330246400797044,56.58000305686724,14.14500076421681,69.50232600827518,1.2555217525748326
257.8333333333333,55.292248380002015,25.06579762184897,30.3275787809277,56.552339178766374,14.138084794691594,69.4303331746936,1.2556974116430581
258.0,56.0841199543427,25.062554070567792,30.32477374305181,56.52638097479175,14.131595243697937,70.21571519804064,1.2519714182054078
258.1666666666667,55.92077123981127,25.06174758235201,30.321864297222284,56.500432564542336,14.125108141135584,70.04587938094686,1.252591440138787
258.3333333333333,55.312499702027466,25.061791913975284,30.319455555586504,56.49398065881607,14.123495164704018,69.43599486673148,1.2553400269521053
258.5,55.463731085851656,25.060484673006588,30.317630879012405,56.494335311802274,14.123583827950569,69.58731491380223,1.254645397117061
258.6666666666667,55.57961860704514,25.05892913007097,30.315929401391973,56.483877384052704,14.120969346013176,69.70058795305832,1.2540674027623362
258.8333333333333,54.45158972348541,25.057622483305646,30.314262670125068,56.471433040567746,14.117858260141936,68.56944798362736,1.2592735736795724
259.0,55.61225637673519,25.053125213018834,30.3126816732633,56.46097986644517,14.115244966611293,69.72750134334649,1.2538153616891594
259.1666666666667,55.17080939872835,25.050468275772538,30.310406325586044,56.425001704150674,14.106250426037668,69.27705982476601,1.2556832241501028
259.3333333333333,53.267598626152385,25.04755740172396,30.308040123249494,56.4037462061803,14.100936551545075,67.36853517769745,1.264718833122356
259.5,56.91167295833958,25.03891643545821,30.305544237171986,56.38045921379168,14.09511480344792,71.0067877617875,1.2476664991690865
259.6666666666667,55.043456665567675,25.03823611668425,30.301585236763945,56.31133148366567,14.077832870916417,69.12128953648408,1.2557585174283352
259.8333333333333,55.846467060562034,25.036314875057972,30.298406874840207,56.305888933473994,14.076472233368499,69.92293929393054,1.2520566290810025
260.0,54.725456362109746,25.036160029409167,30.29552782727301,56.290519000463775,14.072629750115944,68.79808611222569,1.2571496098086339
260.1666666666667,55.42233637448135,25.0336273393784,30.29329739921019,56.28928023527334,14.072320058818335,69.49465643329968,1.2539106248378549
260.3333333333333,54.06366111849644,25.031945715315963,30.290995004012142,56.26901871502719,14.067254678756797,68.13091579725324,1.2601979663923288
260.5,56.0237314054133,25.026721685665372,30.288840411465433,56.255565722527706,14.063891430631926,70.08762283604523,1.2510345362192887
260.6666666666667,54.92943959501697,25.025544881243132,30.285955000560655,56.213773485322974,14.053443371330744,68.98288296634772,1.2558453804543388
260.8333333333333,55.528754294545045,25.02332757958147,30.28347640072315,56.204359049945054,14.051089762486264,69.57984405703131,1.253041688779008
261.0,55.96838763255644,25.022386031311353,30.281060014737037,56.18662063665175,14.046655159162938,70.01504279171938,1.250974804766255
261.1666666666667,53.905696953442934,25.023465548300592,30.278994780588064,56.17908825049082,14.044772062622705,67.95046901606564,1.2605433721551331
261.3333333333333,54.61828996111193,25.019471936589905,30.277678296710096,56.18772438640474,14.046931096601185,68.66522105771311,1.2571836486752435
261.5,53.9569296100734,25.014955289558905,30.275724401443384,56.15577549271924,14.03894387317981,67.9958734832532,1.2601879679706391
261.6666666666667,55.5422119221722,25.008298519827903,30.273160327185174,56.11964231647124,14.02991057911781,69.57212250129001,1.2525990610308613
261.8333333333333,54.707436704228776,25.005366614323265,30.26962180162392,56.066388158623226,14.016597039655807,68.72403374388458,1.2562100855763974
262.0,54.88662132571783,25.002035447943562,30.266227709409478,56.04293291458612,14.01073322864653,68.89735455436437,1.2552668189484935
262.1666666666667,53.30252919512479,24.999103570162696,30.26284859953664,56.0162835835485,14.004070895887125,67.30660009101192,1.2627280751467227
262.3333333333333,54.33786269402604,24.991744926520663,30.259575973495224,55.992828561301565,13.998207140325391,68.33606983435143,1.257614238880698
262.5,53.70532656307966,24.985255752011252,30.25533048612033,55.93395941216531,13.983489853041327,67.68881641612099,1.2603743566593344
262.6666666666667,53.71615796536747,24.977513289267435,30.25055078752293,55.882046016090015,13.970511504022504,67.68666946938998,1.2600802446263888
262.8333333333333,53.21015657178247,24.969315795501466,30.245065668890668,55.82010631413948,13.95502657853487,67.16518315031735,1.2622624603577144
263.0,55.2206913402458,24.959567689522284,30.238934746655143,55.754526364011724,13.938631591002931,69.15932293124874,1.2524168251556138
263.1666666666667,54.479185378051994,24.955204599807605,30.23194259019494,55.676541516178276,13.919135379044569,68.39832075709657,1.2554945578289094
263.3333333333333,53.85068496598762,24.951652249621453,30.22557640200748,55.64163679846084,13.91040919961521,67.76109416560283,1.2583144338535546
263.5,54.41974255940096,24.94675477079052,30.219880175248903,55.61321799697163,13.903304499242907,68.32304705864387,1.255482731916032
263.6666666666667,54.59691454374622,24.942944156340168,30.214374126568337,55.57403816632416,13.89350954158104,68.49042408532726,1.2544742621022797
263.8333333333333,54.405684097969676,24.940341827976347,30.20927175270449,55.543553250721345,13.885888312680336,68.29157241065002,1.2552286317671455
264.0,53.77354175366374,24.937887307697462,30.204764627769215,55.52273462381078,13.880683655952694,67.65422540961643,1.2581322189923814
264.1666666666667,53.580424108431785,24.933691565383516,30.20074621822832,55.5030984615797,13.875774615394924,67.4561987238267,1.2589709739384338
264.3333333333333,54.157628348308194,24.928082999579363,30.196685586598605,55.469532523068125,13.867383130767031,68.02501147907523,1.256055952848981
264.5,54.18287486147922,24.923566416400032,30.192256399213072,55.424663996634905,13.856165999158726,68.03904086063795,1.255729620006
264.6666666666667,54.081672219939975,24.919826060509592,30.187806403305206,55.388531331200255,13.847132832800064,67.92880505274005,1.2560411367549138
264.8333333333333,52.70725680871186,24.91629587774481,30.18352536930625,55.35860848407674,13.839652121019185,66.54690892973105,1.2625758379201337
265.0,54.39870106270455,24.908875445087762,30.179423109410667,55.330367021958466,13.832591755489617,68.23129281819416,1.254281655356899
265.1666666666667,53.357383985140295,24.90456868339196,30.174530808381405,55.2710035607021,13.817750890175525,67.17513487531582,1.2589660485233625
265.3333333333333,53.30926968402743,24.898951375127673,30.169777921479156,55.23654946713569,13.809137366783922,67.11840705081136,1.259038201960614
265.5,52.98300375366267,24.89262047530157,30.164819219966898,55.191611001021386,13.797902750255346,66.78090650391802,1.2604213006572227
265.6666666666667,53.829340334874,24.885088312873012,30.15953380457039,55.14096380241256,13.78524095060314,67.61458128547713,1.2560915824872592
265.8333333333333,53.103378933450564,24.879610696970172,30.153713449404346,55.0807065029841,13.770176625746025,66.87355555919659,1.259308859479599
266.0,53.846953379912776,24.873217410171037,30.147974698824783,55.036885575761374,13.759221393940344,67.60617477385313,1.2555246031630294
266.1666666666667,53.6873011250065,24.86869922226413,30.142080106288176,54.985739281368296,13.746434820342074,67.43373594534857,1.2560463001918205
266.3333333333333,53.3789536178685,24.864830262792204,30.136513229139595,54.94959377811304,13.73739844452826,67.11635206239676,1.257356083501976
266.5,53.84879979245723,24.860489491690213,30.131350618104502,54.91864210233763,13.729660525584407,67.57846031804164,1.2549668809425825
266.6666666666667,52.87285308777476,24.857398650779174,30.126383683243958,54.883915933521706,13.720978983380427,66.59383207115519,1.259508957472034
266.8333333333333,52.28458039215687,24.85215465527144,30.12186343741901,54.859189206233395,13.714797301558349,65.99937769371522,1.2623105550181615
267.0,54.17459521596572,24.844124878193952,30.117170870241015,54.81723724217153,13.704309310542882,67.87890452650859,1.2529656060356515
267.1666666666667,54.27149564299832,24.840411656329646,30.111683729277427,54.75299902555162,13.688249756387904,67.95974539938622,1.2522180307399333
267.3333333333333,53.90561400955221,24.839410996769292,30.106618950004147,54.72329325063717,13.680823312659292,67.58643732221151,1.25379218035129
267.5,53.30278601935977,24.83881204888252,30.102521818281563,54.715287974154336,13.678821993538584,66.98160801289836,1.256624897403494
267.6666666666667,52.916289994486334,24.836650791977288,30.099257587472266,54.71049639106016,13.67762409776504,66.59391409225137,1.258476625991546
267.8333333333333,52.03936695085606,24.83254792503289,30.09625596949727,54.6932063358183,13.673301583954576,65.71266853481063,1.2627491913356113
268.0,53.875732493204865,24.824886514116915,30.092992149386703,54.66038340026313,13.665095850065782,67.54082834327065,1.2536410219905467
268.1666666666667,52.77436363897525,24.82095528354965,30.088681283846277,54.599092112935324,13.649773028233831,66.42413666720908,1.25864400983801
268.3333333333333,53.10244804052659,24.815858768902853,30.084460807585177,54.56764226839721,13.641910567099302,66.74435860762588,1.2568979598960879
268.5,53.904546446574166,24.811234025263627,30.080031750756053,54.52687015122282,13.631717537805706,67.53626398437987,1.2528862301311887
268.6666666666667,53.47683150003941,24.809365014231677,30.075556101829285,54.48987220210901,13.622468050527253,67.09929955056666,1.254735885960581
268.8333333333333,52.80319999944481,24.807758340806757,30.071701080972712,54.474920113853415,13.618730028463354,66.42193002790816,1.25791486176229
269.0,52.777550919684046,24.804328048526468,30.0683813809332,54.462066726454054,13.615516681613514,66.39306760129756,1.2579793196985092
269.1666666666667,52.43202940927327,24.799920023053968,30.065035349407786,54.434624388211745,13.608656097052936,66.04068550632621,1.2595485288358128
269.3333333333333,52.30458838977922,24.794063451010135,30.061436462180687,54.39936018443174,13.599840046107936,65.90442843588716,1.2600123710899036
269.5,52.93376526511908,24.787188485045213,30.0573000309496,54.35250760808108,13.58812690202027,66.52189216713936,1.2567005546264103
269.6666666666667,53.465818762979445,24.781804456605528,30.052511567639034,54.29750788036171,13.574376970090427,67.04019573306988,1.253888882358041
269.8333333333333,52.80273916565479,24.778941934079747,30.047581303107247,54.25443565284422,13.563608913211056,66.36634807886585,1.2568732063436858
270.0,53.50503019186793,24.775539059433363,30.0431433581007,54.23153547263797,13.557883868159493,67.06291406002742,1.2533945653248153
270.1666666666667,51.05384152292324,24.77401784192074,30.038951858418002,54.20431247546691,13.551078118866727,64.60491964178996,1.2654271983192933
270.3333333333333,51.443131675211625,24.766255762238554,30.03539614020437,54.192142735365934,13.548035683841483,64.99116735905311,1.2633594659317706
270.5,51.63302392073914,24.756469833567298,30.030838907355367,54.13004609790843,13.532511524477108,65.16553544521625,1.2620902379308756
270.6666666666667,51.11635138654283,24.746395497695598,30.025036746929636,54.05175866853838,13.512939667134596,64.62929105367743,1.264356498470509
270.8333333333333,51.78515153146495,24.734874929648733,30.018217401873912,53.971163981564786,13.492790995391196,65.27794252685615,1.260553278234455
271.0,51.28581145923296,24.72484605525752,30.010278718010774,53.87899943718986,13.469749859297465,64.75556131853043,1.2626408645206786
271.1666666666667,52.85429509839037,24.714383519287026,30.00184236973619,53.79876844206015,13.449692110515038,66.3039872089054,1.254467344337445
271.3333333333333,51.572161532802724,24.7086115982514,29.992923595819722,53.715068154296205,13.428767038574051,65.00092857137678,1.2603879038506582
271.5,53.34720109107395,24.701700690475093,29.98475407258917,53.66889278601121,13.417223196502803,66.76442428757676,1.2515075378293423
271.6666666666667,51.84756470834856,24.699626730780082,29.976884219704864,53.61360552380074,13.403401380950186,65.25096608929874,1.2585155437164044
271.8333333333333,51.301178295926576,24.695754745955078,29.97039434138944,53.59701384624066,13.399253461560164,64.70043175748674,1.2611880254341856
272.0,51.900549156174336,24.689379892376436,29.964527771047926,53.566037967640625,13.391509491910156,65.29205864808449,1.25802250091061
272.1666666666667,51.38277760372092,24.683592665097233,29.958540180888047,53.51503913901149,13.378759784752873,64.76153738847378,1.2603743979730677
272.3333333333333,53.105379209151856,24.67672414617689,29.952600296175948,53.468741320777866,13.367185330194467,66.47256453934632,1.2517105711183933
272.5,52.44737962329731,24.674566652031828,29.946439308080933,53.41379316941513,13.353448292353782,65.8008279156511,1.2546065864160378
272.6666666666667,50.63464282112855,24.673049996696385,29.941231532831146,53.396533216254625,13.349133304063656,63.98377612519221,1.2636363675205664
272.8333333333333,51.05539328531208,24.66652188877813,29.936902595656203,53.38439997357108,13.34609999339277,64.40149327870485,1.2614043127395174
273.0,50.73309592719852,24.65869773194759,29.93205004639952,53.33217511022505,13.333043777556263,64.06613970475479,1.2628076117548406
273.1666666666667,51.862545404222914,24.64940598420415,29.926489971530014,53.269581855580725,13.317395463895181,65.1799408681181,1.2567825269681192
273.3333333333333,52.198862096180925,24.642910640883706,29.920041403119093,53.19524787363321,13.298811968408302,65.49767406458923,1.2547720665616062
273.5,51.5886432213252,24.63908711398459,29.913581697824952,53.143285127069646,13.285821281767412,64.87446450309261,1.2575338379179442
273.6666666666667,51.826318837241594,24.634985393883618,29.907749654053436,53.112696911876725,13.278174227969181,65.10449306521078,1.2562052355998645
273.8333333333333,50.34487720700498,24.631541396762678,29.90232959210824,53.07988315106894,13.269970787767235,63.61484799477221,1.2635813517471615
274.0,52.76760394248704,24.624128393210746,29.897380021787868,53.052331174101425,13.263082793525356,66.0306867360124,1.251348967976283
274.1666666666667,51.79034213397273,24.62196274813178,29.891843919745696,52.99302714568597,13.248256786421493,65.03859892039422,1.2558055467590952
274.3333333333333,52.22745753690528,24.619777832404235,29.88711030745667,52.97570198505423,13.243925496263557,65.47138303316883,1.2535816622301603
274.5,51.39195173170767,24.618937087533546,29.88298352768228,52.95822265923388,13.23955566480847,64.63150739651614,1.2576192422876977
274.6666666666667,51.24885267069605,24.616356853875924,29.879639137170678,52.951496700268365,13.237874175067091,64.48672684576314,1.2583057665725357
274.8333333333333,50.79523493088596,24.612473931834245,29.876476688767166,52.930854831007395,13.232713707751849,64.02794863863781,1.2605109263842722
275.0,51.50238518441014,24.60663222454402,29.873142699021233,52.89979145467396,13.22494786366849,64.72733304807863,1.2567832114243849
275.1666666666667,52.29363595733665,24.601979889091687,29.869211633669515,52.85305779635215,13.213264449088037,65.50690040642468,1.2526744260021998
275.3333333333333,50.97113827518612,24.600439525264864,29.86510883734146,52.8158391127335,13.203959778183375,64.1750980533695,1.2590477714446364
275.5,51.46976873338684,24.59668292443391,29.861616143989888,52.803516202118914,13.200879050529728,64.67064778391656,1.2564783051369477
275.6666666666667,50.985510070837016,24.59330475745744,29.858060615524177,52.77346339547128,13.19336584886782,64.17887591970484,1.2587669679196607
275.8333333333333,50.305833293161406,24.58877282501365,29.854547315984476,52.74643805965951,13.186609514914878,63.492442808076284,1.2621288357966127
276.0,50.65457549766727,24.58170573737974,29.850791484800947,52.71018260010919,13.177545650027298,63.832121147694565,1.2601452192731168
276.1666666666667,51.26979516265686,24.574479904195115,29.84624725922447,52.65364589903791,13.163411474759478,64.43320663741633,1.2567478850461107
276.3333333333333,50.89810636677731,24.569176703738922,29.841064555646053,52.59583923356092,13.14895980839023,64.04706617516754,1.2583388803040607
276.5,50.52410265315741,24.563936636352274,29.835853162334832,52.553413629911375,13.138353407477844,63.66245606063525,1.260041301429364
276.6666666666667,49.43501010304524,24.557746246964882,29.81310615643778,52.51149309081819,13.127873272704548,62.562883375749784,1.2655582196775128
276.8333333333333,50.51749198121328,24.547952880455462,29.81182998751566,52.46196997571906,13.115492493929764,63.63298447514305,1.2596227955815231
277.0,50.81927367410517,24.539674324977323,29.80852591440609,52.383623043643695,13.095905760910924,63.91517943501609,1.2576956499790337
277.1666666666667,51.000705638047314,24.533315916698193,29.804037440732575,52.317394599818584,13.079348649954646,64.08005428800196,1.2564542683542255
277.3333333333333,51.50021231501004,24.52869139997735,29.799103744533912,52.26652733358554,13.066631833396386,64.56684414840643,1.2537199604823386
277.5,50.04490356392595,24.52660418577703,29.794243662496637,52.22953119981881,13.057382799954702,63.10228636388065,1.2609133372247499
277.6666666666667,50.18979460888337,24.521608295695145,29.790043787087207,52.212833486216226,13.053208371554057,63.243002980437424,1.2600769433960524
277.8333333333333,49.67081116579783,24.515594225845526,29.785654384374812,52.17286636556116,13.04321659139029,62.71402775718812,1.262593186727974
278.0,50.62511586217607,24.50763292738684,29.780878156153552,52.124753806764204,13.031188451691051,63.65630431386712,1.257405602530722
278.1666666666667,49.8947913548006,24.501654869086654,29.775343577875763,52.06106341909472,13.01526585477368,62.91005720957428,1.2608541994338136
278.3333333333333,49.86495696412049,24.494721902710232,29.769703409116453,52.01323895269323,13.003309738173307,62.868266702293795,1.2607704995620397
278.5,50.53495818729163,24.48735426751024,29.763755431400686,51.95777522168186,12.989443805420464,63.52440199271209,1.2570387761533166
278.6666666666667,50.965352943774604,24.48192665717695,29.7574694399982,51.89883414008193,12.974708535020483,63.94006147879509,1.2545789989786647
278.8333333333333,51.03578444432072,24.47896178808629,29.75138782504076,51.85541325741559,12.963853314353898,63.999637758674616,1.2540149711717916
279.0,49.460805647599656,24.477610387686724,29.74604829243255,51.83169430469033,12.957923576172583,62.41872922377224,1.2619836738708974
279.1666666666667,49.94798036086256,24.472476773510007,29.741658315112115,51.82088310149379,12.955220775373448,62.90320113623601,1.2593742666224939
279.3333333333333,50.69518289348509,24.466874936143675,29.737091281397326,51.77981418808005,12.944953547020013,63.6401364405051,1.2553487887442574
279.5,50.17224768062149,24.46338139746681,29.73227786586074,51.7349994891494,12.93374987228735,63.10599755290884,1.2577869334182308
279.6666666666667,49.96667552686438,24.45955676808527,29.72777870671933,51.70705117973449,12.926762794933623,62.893438321798,1.2587076818425433
279.8333333333333,50.3082846079056,24.45503527848549,29.7234401499017,51.67645414468217,12.919113536170542,63.22739814407614,1.2567989275893616
280.0,50.176680551938304,24.451264864941084,29.719058037659742,51.640282227883915,12.910070556970979,63.08675110890928,1.2572922404384175
280.1666666666667,50.17453475511057,24.447601288502128,29.714821567964822,51.610118919528674,12.902529729882168,63.07706448499274,1.2571529520474123
280.3333333333333,50.271573066671706,24.44407902256062,29.710721501426086,51.58081030801702,12.895202577004255,63.16677564367596,1.2565108229237674
280.5,48.10139749366723,24.441008420285527,29.706759006458118,51.55263218048495,12.888158045121237,60.989555538788466,1.2679372890739407
280.6666666666667,49.34177460787466,24.431798469848488,29.703008866893214,51.52806736228422,12.882016840571055,62.223791448445716,1.261077290854374
280.8333333333333,48.73430807310001,24.42318808363497,29.697958772358756,51.4543877587879,12.863596939696976,61.597905012796986,1.26395361806311
281.0,50.811314080595565,24.41330522722645,29.692060989329285,51.38550466907975,12.846376167269938,63.6576902478655,1.2528251118814473
281.1666666666667,49.71203377649903,24.40915885589368,29.6852143793048,51.30644181781159,12.826610454452897,62.538644230951924,1.2580182197356926
281.3333333333333,50.400528428104806,24.40494305881435,29.679010683254532,51.27327084714943,12.818317711787358,63.218846139892165,1.2543290340709898
281.5,49.3269095293016,24.402842342871732,29.67328029648306,51.2395444705148,12.8098861176287,62.1367956469303,1.2596936690310845
281.6666666666667,49.44452362415046,24.398741063661703,29.668414117051793,51.22273874297386,12.805684685743465,62.25020830989393,1.2589909609218828
281.8333333333333,47.89003201611254,24.394009270639085,29.632586376107845,51.18992850929362,12.797482127323406,60.68751414343595,1.2672264266396336
282.0,47.86046681491783,24.384426419211803,29.635306112901,51.15207416511268,12.78801854127817,60.648485356196,1.2671937695620683
282.1666666666667,48.91358912779086,24.372368987774973,29.63509666202262,51.07541135369442,12.768852838423605,61.68244196621446,1.2610491903398031
282.3333333333333,48.58598293857734,24.362404450363425,29.620672986923037,50.97895190219978,12.744737975549945,61.33072091412728,1.2623130624250603
282.5,49.09994976113967,24.352840718902538,29.618704287742176,50.899235602907396,12.724808900726849,61.82475866186652,1.259161342580394
282.6666666666667,48.572654261161304,24.34525810044092,29.614927247542262,50.822725751220304,12.705681437805076,61.27833569896638,1.2615809580734512
282.8333333333333,49.86357831631091,24.33736307490489,29.610244117280036,50.76206480352735,12.690516200881838,62.554094517192745,1.2545047232747562
283.0,48.58381448434398,24.333335087735254,29.60479625004786,50.698904599239114,12.674726149809779,61.25854063415376,1.2608837178458718
283.1666666666667,49.82907738556609,24.327687223272523,29.599686449497238,50.66668070188203,12.666670175470507,62.495747561036595,1.2542023822247137
283.3333333333333,49.26833616261543,24.325008668531854,29.594448538491353,50.621497786180186,12.655374446545046,61.92371060916047,1.2568662843570488
283.5,49.37187201694384,24.32233185039591,29.589819998024804,50.600069348254834,12.650017337063709,62.02188935400755,1.2562191146554536
283.6666666666667,48.742877099601024,24.320029838722366,29.58565615335126,50.57865480316727,12.644663700791817,61.38754080039284,1.2594156203572833
283.8333333333333,49.60063132046553,24.316114914943277,29.581935602249143,50.56023870977893,12.640059677444732,62.240690997910264,1.2548366692306467
284.0,48.107742655829256,24.313977215877507,29.578168771938223,50.52891931954622,12.632229829886555,60.73997248571581,1.2625820529609884
284.1666666666667,49.844853305233016,24.308409431575413,29.574789830019004,50.51181772702006,12.627954431755015,62.47280773698803,1.2533452020497622
284.3333333333333,48.19569325449366,24.306294449032183,29.55104202824089,50.4672754526033,12.616818863150826,60.81251211764449,1.2617831181829604
284.5,49.78980121913462,24.30118933956828,29.55229260461977,50.450355592257466,12.612588898064367,62.40239011719898,1.2533167152556788
284.6666666666667,49.701108396146424,24.299337855309503,29.55202992246465,50.40951471654623,12.602378679136557,62.30348707528298,1.253563332605952
284.8333333333333,48.468926948224485,24.299026371822745,29.52349651647792,50.39470284247602,12.598675710619005,61.06760265884349,1.2599330437844678
285.0,48.493173924548984,24.295887663428374,29.529575053464782,50.39221097458196,12.59805274364549,61.09122666819447,1.2597902286875866
285.1666666666667,48.483651575786986,24.291370137407085,29.533459008218017,50.36710130742699,12.591775326856748,61.075426902643734,1.2597117774261284
285.3333333333333,46.548503010277614,24.286189974361587,29.500792508674994,50.33096109925668,12.58274027481417,59.131243285091784,1.2703146065091713
285.5,46.34300158265971,24.275019492554243,29.50922047669561,50.2895197948927,12.572379948723174,58.915381531382884,1.2712897205481706
285.6666666666667,47.89711521526948,24.260274049913985,29.462998250501165,50.200155940433945,12.550038985108486,60.447154200377966,1.2620207694910939
285.8333333333333,47.82851375113094,24.248583817533056,29.43839867595068,50.08219239931188,12.52054809982797,60.34906185095891,1.261779995192343
286.0,47.98649761755899,24.238627719485756,29.452728471565532,49.98867054026445,12.497167635066113,60.4836652526251,1.2604309181858941
286.1666666666667,47.250859415488506,24.230323527600074,29.44371771921881,49.909021755886045,12.477255438971511,59.72811485446002,1.2640640951999607
286.3333333333333,47.360821092040524,24.22092664982135,29.437300798492195,49.84258822080059,12.460647055200148,59.82146814724067,1.2631003172640156
286.5,48.546757318223136,24.211497195138012,29.412240944937395,49.76741319857081,12.441853299642702,60.98861061786584,1.2562859805050741
286.6666666666667,47.69861931774868,24.205811232304203,29.408620743106592,49.691977561104096,12.422994390276024,60.121613708024704,1.2604476726573388
286.8333333333333,47.986536525019616,24.19976392813938,29.41985657386793,49.646489858433625,12.411622464608406,60.39815898962802,1.2586480159520814
287.0,47.37848356121536,24.19452670695348,29.426977372503988,49.598111425115036,12.399527856278759,59.77801141749412,1.2617122145806534
287.1666666666667,48.74449939548596,24.188046227374578,29.431155785468153,49.55621365562783,12.389053413906957,61.13355280939292,1.2541631069669834
287.3333333333333,47.31528985136656,24.185118438470166,29.432796366874445,49.50436981899662,12.376092454749156,59.69138230611571,1.261566451217496
287.5,47.2688384890144,24.179929082127746,29.418231825650402,49.48094750776133,12.370236876940332,59.63907536595473,1.2616996159068994
287.6666666666667,48.028205823238636,24.173506571561308,29.421016886716437,49.43943265702197,12.359858164255492,60.38806398749413,1.2573458231969832
287.8333333333333,48.625281545610136,24.168835287897597,29.418838061091016,49.388052572490466,12.347013143122616,60.97229468873275,1.253921679230612
288.0,42.69651297474032,24.167002208454516,29.05013631107057,49.350682303180776,12.337670575795194,55.034183550535516,1.2889620185867234
288.1666666666667,42.721295527191366,24.149102974907276,28.76770783053468,49.33601766763613,12.334004416909032,55.0552999441004,1.288708576477009
288.3333333333333,43.27271304121476,24.123033615300216,28.549574529636345,49.19282379925821,12.298205949814552,55.57091899102931,1.2842023318043687
288.5,45.086521587946685,24.09482971652148,28.412025314258926,48.984268922401725,12.246067230600431,57.332588818547116,1.2716125972750638
288.6666666666667,43.6960996604521,24.071562896308464,28.313888284029055,48.75863773217185,12.189659433042962,55.88575909349506,1.2789644734373264
288.8333333333333,43.26118290906397,24.04739757254425,28.14964655527146,48.57250317046771,12.143125792616928,55.4043087016809,1.2806933369839208
289.0,42.4775677136859,24.022045578913275,28.06036627967755,48.37918058035399,12.094795145088497,54.5723628587744,1.2847337028949437
289.1666666666667,41.98699285286634,23.994342512378353,27.962935102019642,48.1763646313062,12.04409115782655,54.03108401069289,1.2868529118060983
289.3333333333333,44.6908951727548,23.9645889119111,27.951943599877428,47.95474009902682,11.988685024756705,56.679580197511505,1.2682578851556647
289.5,42.747705834565664,23.94250493216299,27.890737456938545,47.7167112952888,11.9291778238222,54.676883658387865,1.279060070965874
289.6666666666667,43.06073916276663,23.919325138775978,27.852766327779655,47.54003945730392,11.88500986432598,54.94574902709261,1.2760057095026043
289.8333333333333,43.36127166309422,23.89705387773069,27.807384504545634,47.354601110207824,11.838650277551956,55.19992194064618,1.273023595099682
290.0,41.918293277750514,23.876714937748524,27.786033384791708,47.17643102184553,11.794107755461383,53.7124010332119,1.2813594455602868
290.1666666666667,43.503209269660445,23.853625186381155,27.807646895722634,47.01371950198819,11.753429875497048,55.25663914515749,1.2701738578099342
290.3333333333333,43.10430232376738,23.83433263469574,27.716817001861624,46.82900149104924,11.70725037276231,54.81155269652969,1.2716028271337319
290.5,41.05766989000794,23.816378857021505,27.67118291973184,46.67466107756593,11.668665269391482,52.726335159399426,1.2842018385517597
290.6666666666667,41.76721487535501,23.79349831622966,27.673536981289505,46.53103085617204,11.63275771404301,53.39997258939802,1.2785140869162188
290.8333333333333,41.45328339347891,23.7706285172971,27.606071022932465,46.34798652983727,11.586996632459318,53.04028002593823,1.279519393493498
291.0,42.27048141333581,23.747391739438843,27.583304013243218,46.16502813837681,11.541257034594203,53.81173844793001,1.2730334892981152
291.1666666666667,42.13299977914337,23.72695930105761,27.568794108428087,45.979133915510744,11.494783478877686,53.627783258021054,1.2728213879650654
291.3333333333333,41.25226830741717,23.708135059198643,27.537025200150048,45.81567440846089,11.453918602115223,52.70618690953239,1.2776554859179903
291.5,42.27767877517774,23.688020987018405,27.539786481260258,45.66508047358914,11.416270118397286,53.693948893575026,1.270030674557754
291.6666666666667,43.29796297442076,23.670755481436096,27.563696097382202,45.50416789614724,11.37604197403681,54.67400494845757,1.262738502981248
291.8333333333333,42.66394086477091,23.658490048218315,27.561278584915964,45.36604385148877,11.341510962872192,54.0054518276431,1.2658336462358373
292.0,43.12214888118852,23.6473412246904,27.518593372903393,45.26792038574652,11.31698009643663,54.43912897762515,1.2624400775484896
292.1666666666667,41.408160820527016,23.638433359883326,27.43981761606301,45.178729797523204,11.294682449380801,52.70284326990782,1.2727646489380362
292.3333333333333,42.44268110969736,23.62585424486108,27.46354694561098,45.10746687906661,11.276866719766652,53.71954782946401,1.2656963797979788
292.5,41.31279777656145,23.614678698139514,27.452638913122918,45.00683395888865,11.251708489722162,52.564506266283615,1.272354066906254
292.6666666666667,40.71874640097134,23.601173398235566,27.383792461008586,44.91742958511611,11.229357396279028,51.94810379725037,1.2757785636546795
292.8333333333333,42.32488005489289,23.584972515506315,27.378881856823124,44.80938718588453,11.202346796471133,53.52722685136402,1.2646752166088209
293.0,41.86816670566127,23.57249268365612,27.377740794860042,44.679780124050524,11.169945031012631,53.0381117366739,1.2667884913504528
293.1666666666667,40.89836990714071,23.56097114973202,27.32207225682002,44.57994146924895,11.144985367312238,52.04335527445295,1.2725043905812579
293.3333333333333,40.771877688422656,23.547364147830933,27.270380591175286,44.48776919785615,11.121942299464038,51.893819987886694,1.2727846479001421
293.5,40.109208299830954,23.532587635698732,27.22167493740712,44.378913182647466,11.094728295661866,51.20393659549282,1.2766129965150328
293.6666666666667,41.36465217087287,23.515569616955005,27.210902378083556,44.26070108558986,11.065175271397464,52.42982744227034,1.2675031624994315
293.8333333333333,40.969787731796046,23.501494410488142,27.2012202789134,44.124556935640044,11.031139233910011,52.00092696570606,1.2692505830424137
294.0,40.67407557673423,23.48818012879435,27.16949379280763,44.01195528390514,11.002988820976285,51.67706439771052,1.2705160145611287
294.1666666666667,40.77722213162411,23.47472392629015,27.156559372381,43.90544103035481,10.976360257588702,51.75358238921281,1.2691787150718186
294.3333333333333,40.17549190366186,23.461828400590647,27.1449221777408,43.797791410321196,10.949447852580299,51.124939756242156,1.2725404801224673
294.5,39.665249422882916,23.447761674792314,27.09425363812676,43.69462720472518,10.923656801181295,50.58890622406421,1.2753961454955438
294.6666666666667,39.72378431275731,23.43188875277109,27.06646651270855,43.582093398338515,10.895523349584629,50.61930766234194,1.274282109272392
294.8333333333333,39.06315195310431,23.415603572602464,27.019752086530268,43.455110022168725,10.863777505542181,49.92692945864649,1.2781080625184638
295.0,38.57130515908047,23.397529268318273,26.987549622969084,43.32482858081971,10.831207145204928,49.402512304285395,1.280809972608745
295.1666666666667,40.877580563327605,23.377467944024957,26.993714012885818,43.180234146546184,10.795058536636546,51.67263909996415,1.2640826190755792
295.3333333333333,40.80218000376098,23.36368917477929,26.962093177414395,43.01974355219966,10.754935888049914,51.557115891810895,1.2635872859503725
295.5,40.60487124209307,23.35341988851982,26.96602757064143,42.90951339823431,10.727378349558577,51.332249591651646,1.264189443813284
295.6666666666667,40.495409513463656,23.34471231345162,26.960851963103853,42.82735910815856,10.70683977703964,51.202249290503296,1.264396382347483
295.8333333333333,38.80467602747558,23.336736829210853,26.90071210670585,42.75769850761296,10.68942462690324,49.49410065437882,1.2754674364330374
296.0,40.975806601812835,23.324320904354792,26.92468866376044,42.693894633686824,10.673473658421706,51.64928026023454,1.2604823319804885
296.1666666666667,39.06114482793257,23.31627158050665,26.910943483275418,42.59456723483834,10.648641808709584,49.70978663664216,1.272614687962109
296.3333333333333,39.59077092715026,23.30508154204811,26.90166685433155,42.53017264405321,10.632543161013302,50.22331408816356,1.2685611548352498
296.5,39.27772654158711,23.294045045682584,26.882030051777434,42.440652336384886,10.610163084096222,49.88788962568333,1.270131802889921
296.6666666666667,41.45638619186118,23.282430840845457,26.893140977815754,42.35236036546067,10.588090091365167,52.044476283226345,1.255403113102122
296.8333333333333,38.597678647835025,23.27727367464446,26.8617187824978,42.259446726763656,10.564861681690914,49.16254032952594,1.2737175408418897
297.0,40.84731273683701,23.26722495276921,26.89302548513976,42.21818939715567,10.554547349288917,51.40186008612593,1.2583902499850521
297.1666666666667,38.79075217778562,23.261474533078573,26.878609292821668,42.13779962215369,10.534449905538423,49.325202083324044,1.2715711687480813
297.3333333333333,40.2253148084258,23.25206772076925,26.894001569801954,42.091796264628584,10.522949066157146,50.748263874582946,1.2616001668668844
297.5,39.61459771637849,23.24518521778326,26.876119357349598,42.016541766154006,10.504135441538502,50.11873315791699,1.265158200437704
297.6666666666667,39.74840363593401,23.2380184235196,26.873748003587217,41.96148174226607,10.490370435566518,50.23877407150053,1.2639192892285827
297.8333333333333,39.779851873675625,23.231272178887505,26.849058325604183,41.90414738815679,10.476036847039197,50.25588872071482,1.2633503231813623
298.0,39.847645504488646,23.225012471663295,26.868552480308974,41.850177431100036,10.462544357775009,50.310189862263655,1.2625636778613796
298.1666666666667,39.42341390142246,23.219371191250648,26.80167744096947,41.80009977330636,10.45002494332659,49.873438844749046,1.265071537676993
298.3333333333333,38.48396552014008,23.212940075330014,26.783057138666663,41.754969530005184,10.438742382501296,48.92270790264138,1.2712491356182698
298.5,40.119510305202496,23.2034440016618,26.72551606528099,41.70352060264011,10.425880150660028,50.545390455862524,1.2598705734777638
298.6666666666667,37.43265802951937,23.197392246641996,26.67560074591645,41.627552013294405,10.406888003323601,47.83954603284297,1.2780162711158993
298.8333333333333,39.283742950328154,23.185354071889396,26.680755683429716,41.57913797313597,10.394784493283993,49.67852744361215,1.2646077922469747
299.0,39.44478010808686,23.17588514130061,26.696383004689686,41.48283257511517,10.370708143778792,49.81548825186565,1.2629171240240382
299.1666666666667,40.729641857526076,23.168516599328687,26.699471590185002,41.40708113040489,10.351770282601223,51.0814121401273,1.254158146511873
299.3333333333333,38.521536943400946,23.166288184718457,26.67607118041109,41.34813279462949,10.337033198657373,48.85857014205832,1.2683442567165844
299.5,38.63306804285277,23.160320861284696,26.67279259403503,41.33030547774766,10.332576369436914,48.965644412289684,1.2674542016175303
299.6666666666667,39.182992500841365,23.152811203551607,26.655544680989422,41.282566890277565,10.320641722569391,49.50363422341076,1.2633959548226894
299.8333333333333,39.815776346366015,23.146289019704025,26.631070559177157,41.22248962841286,10.305622407103215,50.12139875346923,1.2588326375317258
300.0,37.65339453197835,23.142343970141784,26.618706546858537,41.170312157632196,10.292578039408049,47.9459725713864,1.2733506013824796
300.1666666666667,39.0942638962268,23.133453005194777,26.609283024968875,41.13875176113427,10.284687940283568,49.37895183651037,1.26307409106317
300.3333333333333,39.25376421754791,23.1263954973644,26.642798051241584,41.06762404155822,10.266906010389555,49.520670227937465,1.261552139394567
300.5,38.31344721958389,23.120976919811707,26.613430706294785,41.01116397891519,10.252790994728798,48.56623821431269,1.2676029367957287
300.6666666666667,37.6227410025099,23.113778627988992,26.546756687126198,40.96781535849365,10.241953839623413,47.86469484213331,1.272227742230162
300.8333333333333,38.344486116908364,23.103739513484815,26.54873368418104,40.91022902391194,10.227557255977985,48.57204337288635,1.266728238964925
301.0,38.488642567941845,23.094559549010707,26.549880067283617,40.82991610787852,10.20747902696963,48.696121594911475,1.2652075611383524
301.1666666666667,38.692429227479096,23.086498372641973,26.527594215308294,40.75647639208566,10.189119098021415,48.88154832550051,1.2633362469468619
301.3333333333333,38.62387370379216,23.07984631319144,26.546490667741775,40.691986981135784,10.172996745283946,48.7968704490761,1.2633862367949165
301.5,37.3946071162338,23.073915145404968,26.50660935420355,40.63877050553151,10.159692626382878,47.55429974261668,1.271688711551467
301.6666666666667,37.66876521806063,23.064860702240146,26.479245821750073,40.59132116323974,10.147830290809935,47.81659550887056,1.2693964145642997
301.8333333333333,38.092623824418055,23.055156468745647,26.490008767108645,40.51888561792117,10.129721404480293,48.22234522889835,1.2659234357594176
302.0,38.91144518255834,23.04660079658691,26.486965521741855,40.441251749965176,10.110312937491294,49.02175812004963,1.2598287699173696
302.1666666666667,38.06735417244394,23.04131293511873,26.461573047109034,40.372806372695294,10.093201593173823,48.160555765617765,1.2651406122803264
302.3333333333333,37.87538105858265,23.035408907782692,26.42128935568726,40.33050348094983,10.082625870237457,47.958006928820105,1.2662052654900673
302.5,37.40827101056602,23.028745473869453,26.415682281903045,40.283271262261536,10.070817815565384,47.4790888261314,1.2692136670182075
302.6666666666667,36.28213944504822,23.020445001406653,26.35268774368221,40.22996379095562,10.057490947738906,46.33963039278713,1.2772022571318227
302.8333333333333,35.57137257496355,23.008111972788196,26.311483481162337,40.163560011253225,10.040890002813306,45.61226257777685,1.282274460499184
303.0,37.57823982583195,22.991786885890427,26.303026292300427,40.06489578230557,10.016223945576392,47.59446377140834,1.266543190740165
303.1666666666667,37.27952626808771,22.97967784492793,26.324241245645016,39.93429508712342,9.983573771780854,47.26310003986856,1.2678031287196658
303.3333333333333,37.86512539876122,22.96925576816794,26.33488797829251,39.83742275942345,9.959355689855862,47.824481088617084,1.2630218594279814
303.5,37.45083356225114,22.961744209155324,26.31344667977373,39.75404614534352,9.93851153633588,47.38934509858702,1.2653749086736878
303.6666666666667,36.682496217139885,22.954757139869695,26.316830392267995,39.69395367324259,9.923488418310647,46.60598463545053,1.2705238040391018
303.8333333333333,36.73962318102802,22.945938384009413,26.277688548734787,39.63805711895756,9.90951427973939,46.64913746076741,1.2697228066524255
304.0,37.45690550815865,22.9365161978449,26.291508866884286,39.5675070720753,9.891876768018825,47.348782276177474,1.2640868655277524
304.1666666666667,35.55364854147799,22.929133989120082,26.2620816121365,39.49212958275919,9.873032395689798,45.42668093716779,1.2776939301791097
304.3333333333333,37.09708067136572,22.91737114396178,26.22843560728306,39.433071912960656,9.858267978240164,46.95534864960588,1.265742419614423
304.5,35.8265231351579,22.908123036976463,26.23222795504554,39.33896915169424,9.83474228792356,45.66126542308146,1.2745100955183777
304.6666666666667,33.90838749767758,22.896679738915655,26.142701914684057,39.2649842958117,9.816246073952925,43.724633571630505,1.2894931548905193
304.8333333333333,35.977699565326986,22.878622229165003,26.139618115749858,39.17343791132524,9.79335947783131,45.771059043158296,1.2722063832916524
305.0,35.52245728680289,22.863591938700708,26.12995975816505,39.02897783332003,9.757244458330007,45.2797017451329,1.2746781952484736
305.1666666666667,35.77271649483406,22.849211947760846,26.12879118718621,38.90873550960566,9.727183877401416,45.49990037223547,1.2719162767190497
305.3333333333333,35.50656480171532,22.836281327436822,26.101389005424988,38.79369558208677,9.698423895521692,45.20498869723701,1.273144528333903
305.5,36.69088513336673,22.823659432197296,26.10864918148196,38.69025061949458,9.672562654873644,46.36344778824037,1.2636230393383834
305.6666666666667,35.151008563942895,22.815039071013487,26.053762204655335,38.58927545757837,9.647318864394592,44.79832742833749,1.2744535436826865
305.8333333333333,35.558270027375,22.804210138385816,26.00916951756403,38.5203125681079,9.630078142026974,45.188348169401976,1.2708252717191566
306.0,36.13933787278677,22.793665502137326,26.004644345226872,38.43368110708653,9.608420276771632,45.7477581495584,1.265871508509481
306.1666666666667,35.75245343832118,22.78526279837967,26.000224994478714,38.34932401709861,9.587331004274652,45.339784442595835,1.2681586879293294
306.3333333333333,36.551405157892916,22.77707263275258,26.012551545774944,38.282102387037355,9.570525596759339,46.121930754652254,1.2618374192569908
306.5,34.21347837086384,22.771576269240096,25.996359522077917,38.21658106202065,9.554145265505163,43.767623636369,1.2792509186567087
306.6666666666667,36.23541925936475,22.760712681548924,25.964978762457562,38.17261015392077,9.543152538480193,45.77857179784494,1.2633653130980083
306.8333333333333,35.63782612986423,22.753232658072342,25.928409658412747,38.08570145239139,9.521425363097848,45.15925149296208,1.2671718900137672
307.0,34.81264200746735,22.74598648080276,25.920361294876102,38.02586126457874,9.506465316144684,44.31910732361204,1.2730750890468334
307.1666666666667,35.78339200890592,22.736588706245286,25.915754791925274,37.96789184642208,9.49197296160552,45.27536497051144,1.2652619673183336
307.3333333333333,33.775902454405866,22.729147930420122,25.884897473694068,37.892709649962285,9.473177412490571,43.24907986689644,1.2804714818583582
307.5,34.501494402161136,22.716972892142117,25.843620354728493,37.83318344336098,9.458295860840245,43.95979026300138,1.2741416284927005
307.6666666666667,35.15375052395272,22.704697538245398,25.842711946720897,37.735783137136934,9.433945784284234,44.58769630823696,1.2683624263037374
307.8333333333333,36.13430312097223,22.694610608381662,25.869228669068438,37.63758030596318,9.409395076490796,45.54369819746302,1.2604006238888723
308.0,36.48990409155475,22.688872451055975,25.881976584330054,37.5568848670533,9.389221216763325,45.87912530831807,1.2573101094813888
308.1666666666667,32.45935037680596,22.686683930222635,25.829766977425606,37.5109796084478,9.37774490211195,41.83709527891791,1.2889073500624608
308.3333333333333,35.6741915747977,22.67447194382125,25.83899858945641,37.49347144178108,9.37336786044527,45.047559435242974,1.262749271859244
308.5,34.5870187732554,22.666710340570596,25.781080225320274,37.395775550569994,9.348943887642498,43.9359626608979,1.2703021023272356
308.6666666666667,34.6239267640662,22.658309005193303,25.80604771046236,37.33368272456477,9.333420681141192,43.95734744520739,1.2695656314415416
308.8333333333333,35.27706895615528,22.649878037832305,25.80249004266825,37.26647204154642,9.316618010386605,44.59368696654189,1.2640984153747559
309.0,33.142861569326485,22.643581941020646,25.742258694018915,37.199024302658444,9.299756075664611,42.442617644991095,1.2805960510142396
309.1666666666667,34.91893543416073,22.63224247487454,25.738375222144036,37.148655528165165,9.287163882041291,44.20609931620202,1.2659635457544842
309.3333333333333,33.456953349470695,22.6237415461969,25.687004929676448,37.05793979899633,9.264484949749082,42.72143829921978,1.2769076088004185
309.5,34.914365640330324,22.61263237043942,25.696207350119508,36.9899323695752,9.2474830923938,44.161848732724124,1.2648618390394537
309.6666666666667,34.3190492634598,22.604723805756823,25.69916363817103,36.90105896351537,9.225264740878842,43.544314004338645,1.2688088667625526
309.8333333333333,34.9996949591649,22.59696750373184,25.716853452668538,36.83779044605458,9.209447611513646,44.209142570678544,1.2631293679061648
310.0,34.421680180251826,22.591509672201006,25.67187253895619,36.77574002985472,9.19393500746368,43.615615187715505,1.2670972177801583
310.1666666666667,35.88856600245471,22.585707836423015,25.694152576326115,36.73207737760805,9.183019344402013,45.07158534685672,1.2558759060970537
310.3333333333333,35.12534002252575,22.5842282619429,25.68364459412571,36.685662691384124,9.171415672846031,44.29675569537178,1.2611053919183255
310.5,34.053613302673355,22.58284958972834,25.6701366244011,36.673826095543205,9.168456523885801,43.22206982655916,1.2692359381189673
310.6666666666667,33.04089128966386,22.578369641255872,25.640967893322784,36.66279671782672,9.16569917945668,42.20659046912054,1.2774047194763167
310.8333333333333,33.59152509654254,22.56930947193058,25.608436902097182,36.626957130046975,9.156739282511744,42.748264379054284,1.2725907578234432
311.0,34.16530040013487,22.559635052893803,25.594184262180576,36.554475775444644,9.138618943861161,43.30391934399603,1.2674824701329155
311.1666666666667,35.03865517278798,22.551573852645834,25.6316094844152,36.477080423150426,9.119270105787606,44.15792527857559,1.2602631311281003
311.3333333333333,33.1551848194123,22.54718176015604,25.58626502131499,36.412590821166674,9.103147705291669,42.25833252470397,1.2745618145359212
311.5,34.239925517219916,22.539275008078594,25.575706623046578,36.37745408124832,9.09436352031208,43.334289037531995,1.2656069890028923
311.6666666666667,33.35704342517372,22.532891200112246,25.538939266395115,36.31420006462875,9.078550016157187,42.43559344133091,1.2721629102567835
311.8333333333333,32.84447839056389,22.524859627188313,25.548838857143405,36.26312960089797,9.065782400224492,41.910260790788385,1.2760215063372435
312.0,32.59607368484582,22.514609189162343,25.521774057988,36.198877017506504,9.049719254376626,41.645792939222446,1.2776321879093038
312.1666666666667,33.20740113586107,22.50267189252169,25.540580609196258,36.11687351329874,9.029218378324686,42.236619514185755,1.2719037946204685
312.3333333333333,32.39776451389298,22.491935419166374,25.492745947795537,36.02137514017352,9.00534378504338,41.40310829893636,1.277961887808082
312.5,33.774253499854574,22.4797019481677,25.469174986928696,35.935483353330994,8.983870838332749,42.75812433818732,1.2659976137850517
312.6666666666667,31.87462143779315,22.471056454400177,25.409556263201853,35.83761558534161,8.959403896335402,40.834025334128555,1.2810826761917997
312.8333333333333,32.01034952220999,22.458908787795444,25.38346197438096,35.768451635201416,8.942112908800354,40.952462431010346,1.2793506800853887
313.0,31.33117958320524,22.445570501389128,25.362827633974415,35.67127030236355,8.917817575590888,40.24899715879613,1.2846307638021772
313.1666666666667,32.11074816055514,22.429894876791977,25.35581548317186,35.56456401111302,8.891141002778255,41.001889163333395,1.2768898737059056
313.3333333333333,32.12880804578767,22.41566101369727,25.339524624489577,35.439159014335814,8.859789753583954,40.988597799371625,1.2757584327734044
313.5,32.258059044679726,22.402609630199613,25.33945480876142,35.32528810957817,8.831322027394542,41.08938107207427,1.2737710292848843
313.6666666666667,32.85800603183489,22.390902482438776,25.29753578205733,35.22087704159691,8.805219260399227,41.66322529223412,1.2679778940897442
313.8333333333333,33.61302902758743,22.381994870886235,25.376385419678307,35.127219859510205,8.781804964877551,42.39483399246498,1.2612619338075723
314.0,32.31907523339353,22.377066147924435,25.358359686304297,35.05595896708988,8.76398974177247,41.083064975165996,1.2711708079047113
314.1666666666667,34.428923865158445,22.37055788430287,25.37509666710384,35.01652918339548,8.75413229584887,43.183056161007315,1.2542667999190042
314.3333333333333,32.536222400834276,22.36963502908258,25.335523650941933,34.96446307442295,8.741115768605738,41.277338169440014,1.2686579794334576
314.5,31.448968992052365,22.366120573436447,25.292006613720567,34.957080232660644,8.739270058165161,40.188239050217526,1.277887331071925
314.6666666666667,31.656414592899452,22.35805583866223,25.249516290990947,34.92896458749158,8.732241146872894,40.38865573977235,1.2758442880904
314.8333333333333,32.1451070910428,22.34834720202217,25.27815218474914,34.86444670929785,8.716111677324463,40.861218768367266,1.2711489388614667
315.0,32.99416505828576,22.33944289922611,25.293646665145296,34.786777616177346,8.696694404044337,41.690859462330096,1.2635827998278244
315.1666666666667,32.340311980076024,22.3337189103925,25.29221475090626,34.715543193808884,8.678885798452221,41.019197778528245,1.2683612268118825
315.3333333333333,31.812727338517874,22.327908358598314,25.236275819213876,34.66975128313999,8.667437820784997,40.48016515930287,1.2724518941288863
315.5,30.785096973156328,22.32062349899789,25.216824623360566,34.623266868786516,8.655816717196629,39.44091369035296,1.2811690580264938
315.6666666666667,31.197407491082267,22.309662256744875,25.15421523012542,34.564987991983116,8.641246997995779,39.838654489078046,1.2769860604752452
315.8333333333333,31.808395024448338,22.298210269482343,25.17432459484856,34.477298053959004,8.619324513489751,40.42771953793809,1.2709764044009397
316.0,32.75849764467173,22.288592648691697,25.14554450674337,34.385682155858746,8.596420538964686,41.354918183636414,1.2624180337025597
316.1666666666667,31.933377424138907,22.283030292612484,25.15335484644824,34.30874118953358,8.577185297383394,40.510562721522305,1.2685962459736495
316.3333333333333,33.01197888989739,22.277340571321115,25.15834070674615,34.26424234089987,8.566060585224967,41.57803947512236,1.2594834018825338
316.5,31.48008598176186,22.27493183855322,25.167963747357152,34.218724570568924,8.554681142642231,40.03476712440409,1.2717489764036358
316.6666666666667,30.379786874983076,22.26979633987181,25.103544007433097,34.19945470842575,8.549863677106437,38.92965055208951,1.2814326417854833
316.8333333333333,33.20288450132913,22.26003848424829,25.125221351352316,34.15837071897448,8.53959267974362,41.74247718107275,1.2571943012783053
317.0,30.51395908162537,22.256424021227605,25.09836460973539,34.08030787398633,8.520076968496582,39.034036050121955,1.279218994352887
317.1666666666667,30.701793465541655,22.248215909388144,25.056194172866565,34.05139216982084,8.51284804245521,39.214641507996866,1.2772752690167648
317.3333333333333,32.58041081725858,22.23828560909958,25.067628460820004,33.98572727510515,8.496431818776287,41.07684263603487,1.2607834464222143
317.5,31.53963079131035,22.233259454366795,25.102473185117788,33.90628487279665,8.476571218199162,40.01620200950951,1.2687593673586879
317.6666666666667,30.880549643734543,22.227909723989743,25.032216729163647,33.86607563493436,8.46651890873359,39.34706855246813,1.2741699550821106
317.8333333333333,29.665576587171955,22.22055491263363,25.029433679535593,33.823277791917945,8.455819447979486,38.12139603515144,1.2850380953537903
318.0,30.394491878317314,22.208680998394566,24.967021287701876,33.76443930106905,8.441109825267262,38.83560170358457,1.2777184056591826
318.1666666666667,30.370197741063055,22.19682555439382,24.977042557402935,33.66944798715653,8.417361996789133,38.78755973785219,1.2771586167648872
318.3333333333333,31.502926790179814,22.185198882628278,24.979366913594838,33.57460443515055,8.393651108787637,39.89657789896745,1.2664403585321518
318.5,30.222411775561014,22.177352550532664,24.986866223464887,33.48159106102622,8.370397765256556,38.59280954081757,1.276959953673359
318.6666666666667,29.816428594697413,22.167931000904996,24.933744654894852,33.41882040426131,8.354705101065328,38.17113369576274,1.2802047560636132
318.8333333333333,31.201242024387078,22.1566811331218,24.97907054397404,33.34344800723997,8.335862001809993,39.53710402619707,1.2671644287523758
319.0,30.944993053807362,22.14884079587985,24.918451897393293,33.253449064974404,8.313362266243601,39.25835532005097,1.2686496730436576
319.1666666666667,31.016438539807915,22.14227309125086,24.920317874475856,33.19072636703879,8.297681591759698,39.31412013156761,1.267525286022445
319.3333333333333,31.26412260715932,22.136767110228135,24.89439628789422,33.138184730006884,8.284546182501721,39.548668789661036,1.2649857245827394
319.5,30.872939569843105,22.132707311996143,24.905188002058807,33.09413688182508,8.27353422045627,39.146473790299375,1.2679866036643272
319.6666666666667,30.216927934729817,22.128364588445383,24.882699532243794,33.06165849596914,8.265414623992285,38.4823425587221,1.273535901526655
319.8333333333333,30.95511908612497,22.12202316428835,24.878611704585598,33.02691670756306,8.256729176890765,39.21184826301574,1.2667322698361605
320.0,30.836311752096204,22.116954192127128,24.8964223831456,32.976185314306804,8.244046328576701,39.08035808067291,1.2673486503461715
320.1666666666667,29.826044292751124,22.112343818087155,24.876737392183713,32.935633537017026,8.233908384254256,38.059952677005384,1.2760643786160881
320.3333333333333,29.487483710164902,22.10508775817011,24.89161345824655,32.898750544697236,8.224687636174309,37.71217134633921,1.2789213117340053
320.5,28.834848845952695,22.09557230943299,24.846514450040253,32.84070206536089,8.210175516340222,37.04502436229292,1.2847310058811916
320.6666666666667,30.478678876012,22.083126987416527,24.83807253294961,32.76457847546391,8.191144618865977,38.669823494877974,1.2687499892035263
320.8333333333333,28.88365914004994,22.074296067034492,24.76402663761268,32.66501589933222,8.166253974833054,37.049913114883,1.282729204607936
321.0,28.500566752232885,22.062888392765558,24.719886323296983,32.59436853627594,8.148592134068984,36.64915888630187,1.2859098278608996
321.1666666666667,30.73210377971915,22.04922798760091,24.74157157215549,32.50310714212446,8.125776785531116,38.85788056525027,1.2644067859387327
321.3333333333333,30.61318708157709,22.041326926006004,24.756523988882858,32.39382390080729,8.098455975201823,38.71164305677891,1.2645414198012543
321.5,30.116654772402754,22.036378733019077,24.713619797630336,32.33061540804803,8.082653852012008,38.19930862441476,1.268378208439621
321.6666666666667,29.442446365722418,22.031670216288628,24.71946197079569,32.29102986415262,8.072757466038155,37.51520383176057,1.2741877276691467
321.8333333333333,29.6738767262258,22.025200277131162,24.729667298330057,32.253361730309024,8.063340432577256,37.737217158803055,1.2717319515400853
322.0,29.235360952939743,22.0186259720386,24.692112131776348,32.2016022170493,8.050400554262325,37.28576150720207,1.27536518421035
322.1666666666667,29.453667337033984,22.010851575844587,24.67848628601915,32.14900777630879,8.037251944077198,37.49091928111118,1.2728777999733651
322.3333333333333,28.7147331854683,22.003269169557335,24.713578135634915,32.086812606756695,8.021703151689174,36.73643633715747,1.279358442924649
322.5,29.14456667998061,21.99377749561345,24.69495932033628,32.02615335645868,8.00653833911467,37.15110501909528,1.2747180435732592
322.6666666666667,26.47624937932796,21.984766228806784,24.603864962253134,31.950219964907603,7.987554991226901,34.46380437055486,1.3016875569038642
322.8333333333333,29.441351600791034,21.968294448865063,24.591165791488418,31.87812983045427,7.9695324576135675,37.410884058404605,1.2706917999443832
323.0,28.549093971728478,21.957019589222913,24.586677502760846,31.7463555909205,7.936588897730125,36.4856828694586,1.2779979254539406
323.1666666666667,29.341781486180043,21.94617485068013,24.599513385620536,31.656156713783304,7.914039178445826,37.25582066462587,1.2697191096652851
323.3333333333333,29.357731381942074,21.93818804844412,24.586941390020375,31.56939880544104,7.89234970136026,37.250081083302334,1.2688337732463497
323.5,28.24730049194251,21.931989467182863,24.54966061971066,31.505504387552946,7.876376096888237,36.12367658883075,1.2788364183379208
323.6666666666667,29.03007698686577,21.923604720250243,24.52785710462683,31.455915737462902,7.863978934365726,36.8940559212315,1.2708907364566642
323.8333333333333,28.388744082522336,21.916573970255712,24.550480076431217,31.38883776200194,7.847209440500485,36.23595352302282,1.2764197464209646
324.0,27.22415818929398,21.90853892450841,24.49039356450991,31.332591762045695,7.833147940511424,35.057306129805404,1.287727829306834
324.1666666666667,27.183684648048416,21.89669234044409,24.42309407020336,31.268311396067276,7.817077849016819,35.00076249706524,1.2875650578729778
324.3333333333333,29.09033640259278,21.882956129650353,24.45084263797164,31.173538723552724,7.793384680888181,36.883721083480964,1.2679028723845756
324.5,29.87925183337445,21.87421045242665,24.49753158703957,31.063649037202822,7.7659122593007055,37.64516409267516,1.2599098632927066
324.6666666666667,27.41862077839155,21.870724739977334,24.501726516840343,30.99368361941319,7.7484209048532975,35.16704168324485,1.2825970338726804
324.8333333333333,27.501966294928522,21.862844193229662,24.485471879709976,30.96579791981867,7.741449479954667,35.24341577488319,1.2814871270270674
325.0,28.356508679716274,21.85302989088266,24.45646409962751,30.9027535458373,7.725688386459325,36.082197066175596,1.272448504635043
325.1666666666667,28.206620770781896,21.844954696756822,24.449775714503428,30.824239127061276,7.706059781765319,35.912680552547215,1.273200389525133
325.3333333333333,26.86329376117606,21.837571629105888,24.370107130957546,30.75963757405458,7.689909393513645,34.553203154689704,1.2862608532624327
325.5,27.338160189602803,21.82674592296197,24.324407187581805,30.700573032847103,7.675143258211776,35.01330344781458,1.280748346084049
325.6666666666667,27.627686901937217,21.81573865537099,24.313590039725543,30.61396738369575,7.653491845923938,35.281178747861155,1.2770225344267705
325.8333333333333,28.68111884309499,21.805765212515645,24.326696572909935,30.525909242967913,7.631477310741978,36.312596153836964,1.2660801816167384
326.0,27.76056260014171,21.799730625067163,24.312993537466355,30.44612170012516,7.61153042503129,35.372093025173,1.2741850204791034
326.1666666666667,27.77775665436819,21.793233315134703,24.298440687221348,30.397845000537302,7.5994612501343255,35.377217904502515,1.2735808130473802
326.3333333333333,27.01690402783412,21.786696619660813,24.27803984286219,30.345866521077625,7.586466630269406,34.60337065810353,1.2808044408957246
326.5,27.988101153169076,21.778034694117878,24.290504910077598,30.2935729572865,7.573393239321625,35.5614943924907,1.2705933209929139
326.6666666666667,26.87763748217472,21.771327281165792,24.277536736464416,30.224277552943022,7.5560693882357555,34.433706870410475,1.2811284806280667
326.8333333333333,27.655100210347427,21.7625359752743,24.28196263513371,30.17061824932634,7.542654562331585,35.19775477267901,1.2727400915187943
327.0,26.4372068169077,21.755148109989893,24.20723764547074,30.1002878021944,7.5250719505486,33.9622787674563,1.2846394478306233
327.1666666666667,26.068228313879445,21.745075486697758,24.183339922242123,30.041184879919143,7.510296219979786,33.57852453385923,1.2881015207305475
327.3333333333333,27.13799501468451,21.7327009841941,24.169106262768068,29.96060389358206,7.490150973395515,34.62814598808002,1.276002371190007
327.5,27.601912570778232,21.722570038481063,24.191636882956914,29.8616078735528,7.4654019683882,35.06731453916643,1.2704668362833567
327.6666666666667,27.17644784597598,21.715281139706722,24.15777228704552,29.780560307848503,7.445140076962126,34.621587922938104,1.2739556000533208
327.8333333333333,27.197261472877734,21.708441004069744,24.17754546660581,29.722249117653774,7.430562279413444,34.62782375229118,1.2732099438328934
328.0,27.847340066535605,21.702073309300776,24.173675552131286,29.667528032557954,7.416882008139488,35.26422207467509,1.2663407704440834
328.1666666666667,28.229508786390838,21.698052064939944,24.170864137103397,29.616586474406205,7.404146618601551,35.63365540499239,1.262283933972348
328.3333333333333,27.55282154655894,21.696535163971816,24.171652661100467,29.58441651951955,7.3961041298798875,34.948925676438826,1.2684336381804637
328.5,27.632213941971724,21.694395096197944,24.1749871150843,29.572281311774532,7.393070327943633,35.02528426991536,1.2675525871169517
328.6666666666667,26.807232563303153,21.69220705480093,24.12647337224673,29.55516076958355,7.388790192395888,34.19602275569904,1.275626742706389
328.8333333333333,27.587544533445435,21.687591507311343,24.111521249129837,29.537656438407453,7.384414109601863,34.9719586430473,1.267672032233585
329.0,27.665148332730578,21.684099635805442,24.17722472777231,29.50073205849074,7.375183014622685,35.04033134735326,1.2665875102464974
329.1666666666667,26.74910359839665,21.681531786019324,24.1401132198736,29.472797086443535,7.368199271610884,34.117302870007535,1.2754559323644974
329.3333333333333,27.52561933197173,21.67680007424128,24.133506669847907,29.45225428815459,7.363063572038648,34.88868290401038,1.2674985613670193
329.5,25.926110020405886,21.67332608573113,24.099844298035283,29.414400593930253,7.353600148482563,33.27971016888845,1.283636848825169
329.6666666666667,25.705330650508508,21.665856721146845,24.073439853904674,29.38660868584904,7.34665217146226,33.05198282197077,1.2858026714905115
329.8333333333333,26.84312083788379,21.655754269041314,24.095927058676256,29.32685376917476,7.33171344229369,34.17483428017748,1.2731319315132097
330.0,27.64311182331877,21.64786302742205,24.088562287219997,29.24603415233051,7.311508538082627,34.954620361401396,1.264496580009306
330.1666666666667,26.668316489248294,21.643741576139398,24.065144492934806,29.18290421937641,7.295726054844103,33.96404254409239,1.2735728015596888
330.3333333333333,27.45875768369106,21.638857626535735,24.07841676653928,29.149932609115183,7.287483152278796,34.74624083596986,1.2653974093156861
330.5,25.922575277296893,21.63603398670462,24.08832008719478,29.11086101228588,7.27771525307147,33.20029053036836,1.2807481577436222
330.6666666666667,25.169324251132593,21.629821254245257,24.03564025014383,29.08827189363697,7.272067973409243,32.441392224541836,1.2889258329246567
330.8333333333333,26.863718469379513,21.619687524152962,24.03928863507865,29.03857003396206,7.259642508490515,34.12336097787003,1.2702396735122647
331.0,26.732789432687454,21.612726247398072,24.02616793549704,28.957500193223694,7.239375048305924,33.97216448099338,1.2708050750384468
331.1666666666667,27.13672201302362,21.60726086059142,24.05055047760099,28.901809979184577,7.225452494796144,34.36217450781976,1.2662610646683288
331.3333333333333,26.177103567397577,21.603940341749325,24.014116640572475,28.858086884731364,7.214521721182841,33.391625288580414,1.2756042777081038
331.5,25.136898140737024,21.59900459629171,23.981966005014648,28.831522733994603,7.207880683498651,32.344778824235675,1.2867450328653522
331.6666666666667,25.448775166691224,21.59022120000072,23.975685857155874,28.79203677033368,7.19800919258342,32.64678435927465,1.2828430502228878
331.8333333333333,26.271935590351283,21.58050210922763,23.966442579694082,28.721769600005757,7.180442400001439,33.45237799035272,1.2733122717702823
332.0,23.090594418910605,21.572965818468198,23.915123315412025,28.644016873821045,7.161004218455261,30.251598637365866,1.31012645618991
332.1666666666667,26.108893154038604,21.55732604470223,23.94776262774499,28.583726547745584,7.145931636936396,33.254824790975,1.2736972262583657
332.3333333333333,23.36507272694143,21.546673575563375,23.82642536585935,28.458608357617834,7.1146520894044585,30.47972481634589,1.304499462618869
332.5,26.456915837260674,21.530812049768517,23.88478758845055,28.373388604507,7.09334715112675,33.55026298838742,1.2681093743034406
332.6666666666667,25.057824340960625,21.521726524001625,23.888700191995838,28.24649639814814,7.061624099537035,32.11944844049766,1.2818131376231972
332.8333333333333,26.140547209406485,21.51236238423579,23.882944164363057,28.173812192013003,7.043453048003251,33.184000257409735,1.2694455089857
333.0,26.543875771532623,21.506299972801223,23.87375969992795,28.098899073886315,7.024724768471579,33.5686005400042,1.2646457822864492
333.1666666666667,25.224915627671834,21.50337130339469,23.862118839153435,28.050399782409784,7.012599945602446,32.23751557327428,1.2780029098654189
333.3333333333333,23.53056119108893,21.498282779616236,23.81854441281104,28.026970427157522,7.0067426067893805,30.53730379787831,1.2977720144406437
333.5,25.464861989404927,21.487109125869473,23.790725262494167,27.98626223692989,6.996565559232472,32.4614275486374,1.2747537199354746
333.6666666666667,25.136514912811055,21.47867780497831,23.78397342396326,27.896873006955786,6.974218251738947,32.11073316455,1.2774536675402233
333.8333333333333,24.959363600520913,21.470958445299456,23.75183818750167,27.829422439826487,6.957355609956622,31.916719210477535,1.2787473158895533
334.0,24.181465557161857,21.463286185505172,23.719959298484618,27.767667562395644,6.941916890598911,31.12338244776077,1.2870759373202223
334.1666666666667,24.083303305959934,21.453512590707856,23.688857317550593,27.706289484041378,6.926572371010344,31.009875676970278,1.2876088999508724
334.3333333333333,25.00861302289467,21.44255110147401,23.67645785388436,27.628100725662847,6.907025181415712,31.915638204310383,1.2761858554527805
334.5,24.183833179852297,21.433970625256354,23.634402704937624,27.540408811792076,6.885102202948019,31.068935382800316,1.2846985484784126
334.6666666666667,24.735704524167165,21.424433009305048,23.658378714156107,27.47176500205083,6.8679412505127075,31.603645774679872,1.2776529467273763
334.8333333333333,24.53737601275168,21.416254738890295,23.646582211002613,27.395464074440383,6.848866018610096,31.386242031361775,1.2791197402302044
335.0,24.665925576397846,21.40842170469264,23.66360981974733,27.33003791112236,6.83250947778059,31.498435054178437,1.2770019497795952
335.1666666666667,24.822915454238135,21.401350179402133,23.666942961517314,27.267373637541112,6.816843409385278,31.639758863623413,1.274618967379249
335.3333333333333,23.260041035059146,21.39533109452539,23.61084983841351,27.210801435217064,6.802700358804266,30.062741393863412,1.2924629560434036
335.5,23.596992645026948,21.385377206702795,23.573116240106792,27.16264875620311,6.790662189050778,30.387654834077725,1.2877765947213577
335.6666666666667,25.30600005556441,21.37454388724192,23.57901286055077,27.083017653622363,6.770754413405591,32.07675446897,1.2675552990808123
335.8333333333333,23.470876543265014,21.368587584181572,23.54700754083889,26.99635109793536,6.74908777448384,30.219964317748854,1.2875515859854196
336.0,22.53705121830869,21.35995176375898,23.490550068645042,26.948700673452578,6.7371751683631445,29.274226386671835,1.2989377404835458
336.1666666666667,24.606105979956475,21.347300526195152,23.514865482102888,26.879614110071827,6.719903527517957,31.32600950747443,1.27309902399802
336.3333333333333,24.75064862518955,21.338947585413173,23.530558978671138,26.778404209561216,6.694601052390304,31.445249677579856,1.2704818428708566
336.5,23.041835962967415,21.33355305267366,23.485589783778646,26.711580683305385,6.677895170826346,29.71973113379376,1.2898161058675612
336.6666666666667,22.873733901653413,21.324804172116856,23.45939516482605,26.66842442138929,6.667106105347322,29.540840007000735,1.291474323082223
336.8333333333333,23.42256073207838,21.313956858939992,23.447715821019866,26.59843337693485,6.649608344233712,30.072169076312093,1.283897581494014
337.0,23.785366112799345,21.303875146359353,23.449621132000882,26.511654871519937,6.627913717879984,30.41327983067933,1.2786551061038065
337.1666666666667,23.83084977924197,21.29553454264117,23.461016144193014,26.431001170874822,6.6077502927187055,30.438600071960675,1.2772771577148891
337.3333333333333,23.543166610492055,21.288475126472214,23.41035151984952,26.36427634112937,6.591069085282342,30.134235695774397,1.2799567787259774
337.5,23.970060325335517,21.281425295641302,23.416495990039554,26.307801011777713,6.576950252944428,30.547010578279945,1.274381881550495
337.6666666666667,23.655359978387395,21.27582426099071,23.403794518639017,26.251402365130417,6.562850591282604,30.21821056967,1.2774360904792283
337.8333333333333,23.227722627654664,21.27020718340936,23.40975276862689,26.20659408792568,6.55164852198142,29.779371149636084,1.2820615962660542
338.0,23.38593950849455,21.263446624111012,23.38845485188169,26.161657467274892,6.540414366818723,29.92635387531327,1.2796729361436614
338.1666666666667,24.314255903982556,21.256704919619935,23.372076567161177,26.107572992888095,6.526893248222024,30.84114915220458,1.2684389468465267
338.3333333333333,23.21074890592916,21.252901785041182,23.372511563673346,26.05363935695948,6.51340983923987,29.72415874516903,1.2806204084856576
338.5,23.182571464749053,21.247496011052604,23.379854377851085,26.023214280329455,6.505803570082364,29.688375034831417,1.2806333878868854
338.6666666666667,24.23771376194084,21.241272918246768,23.416457135755547,25.979968088420833,6.494992022105208,30.732705784046047,1.2679704895394854
338.8333333333333,21.92237346407333,21.23790118768982,23.38066331327161,25.930183345974143,6.482545836493536,28.404919300566867,1.2957045616943446
339.0,24.230938486015603,21.22926244482223,23.362523290874005,25.903209501518546,6.4758023753796365,30.70674086139524,1.2672534693246411
339.1666666666667,22.748115260531318,21.22485984842782,23.334026716135437,25.834099558577833,6.458524889644458,29.206640150175776,1.2839147250519782
339.3333333333333,22.636601144428024,21.21844172344501,23.307653916160366,25.798878787422552,6.449719696855638,29.086320841283662,1.2849243866472961
339.5,23.507475087461973,21.210759953888846,23.30915011595494,25.747533787560087,6.436883446890022,29.944358534351995,1.2738228339258444
339.6666666666667,23.087601711316655,21.205175716140275,23.294026105118572,25.686079631110772,6.421519907777693,29.509121619094348,1.2781371572531117
339.8333333333333,22.343548982689672,21.199612634229617,23.277376059848656,25.641405729122198,6.4103514322805495,28.75390041497022,1.2868994284322008
340.0,21.53186056461695,21.191983137429972,23.213445180504042,25.596901073836932,6.399225268459233,27.93108583307618,1.2971979708513905
340.1666666666667,23.34798809048068,21.181008384638318,23.235390988959786,25.535865099439775,6.383966274859944,29.731954365340624,1.273426825905517
340.3333333333333,21.046015121362814,21.17390021145454,23.171730606264813,25.448067077106543,6.362016769276636,27.40803189063945,1.3022908010181393
340.5,23.42645528878388,21.162205253498257,23.21164512859458,25.391201691636326,6.347800422909081,29.774255711692962,1.2709671755567853
340.6666666666667,23.60676927540453,21.155403043922547,23.214282808735497,25.297642027986058,6.324410506996514,29.931179782401045,1.2679066514021384
340.8333333333333,22.120213395900088,21.151948915660924,23.198551821309547,25.243224351380377,6.310806087845094,28.43101948374518,1.2852958954281508
341.0,21.425071886227737,21.145964883367434,23.16048681023354,25.21559132528739,6.303897831321848,27.728969717549585,1.2942299500695753
341.1666666666667,22.785436645220948,21.136691554004184,23.159781857097546,25.16771906693947,6.291929766734867,29.077366411955815,1.276138213399327
341.3333333333333,22.236312562999522,21.12991683588609,23.174168564094277,25.09353243203347,6.2733831080083675,28.50969567100789,1.2821233552206432
341.5,23.162487595427812,21.123024603316725,23.18230592475746,25.03933468708871,6.259833671772178,29.42232126719999,1.2702573998575113
341.6666666666667,22.52961720103941,21.118994559219903,23.19786018842817,24.984196826533804,6.246049206633451,28.775666407672862,1.2772372540064856
341.8333333333333,23.18498989900764,21.1147268689803,23.18356045413327,24.951956473759225,6.237989118439806,29.422979017447446,1.2690529150804937
342.0,21.82651484668845,21.11238603767794,23.128719197242397,24.917814951842388,6.229453737960597,28.055968584649047,1.2854076237877134
342.1666666666667,21.95243772558382,21.1071010230093,23.145088715194216,24.899088301423518,6.2247720753558795,28.1772098009397,1.283557213698477
342.3333333333333,21.885051126198054,21.10072928378886,23.115660056718628,24.856808184074396,6.214202046018599,28.099253172216653,1.2839473396788061
342.5,22.23550036485423,21.093726089421324,23.120422303759693,24.805834270310868,6.201458567577717,28.436958932431946,1.2788989888160933
342.6666666666667,21.560148602606624,21.087596565701038,23.11266482443955,24.74980871537059,6.187452178842648,27.747600781449272,1.286985599816069
342.8333333333333,20.5644339868584,21.080079766379516,23.048051431267307,24.7007725256083,6.175193131402075,26.739627118260476,1.3002851007398648
343.0,20.566726557871416,21.069034305538562,23.055374750177595,24.640638131036127,6.160159532759032,26.726886090630448,1.2995206609775916
343.1666666666667,21.495558766761462,21.05635971580184,23.032011170179757,24.552274444308495,6.138068611077124,27.633627377838586,1.2855505491938366
343.3333333333333,22.193184362112127,21.045880208704244,23.03630238202224,24.450877726414717,6.112719431603679,28.305903793715807,1.275432282806573
343.5,22.706687321153815,21.038920667488107,23.02699159781887,24.36704166963395,6.091760417408487,28.798447738562302,1.2682804554997034
343.6666666666667,21.311318440039088,21.035562748230745,23.024779240420123,24.311365339904853,6.077841334976213,27.3891597750153,1.28519311707892
343.8333333333333,19.76197507082796,21.03008098522479,22.98164932731157,24.284501985845964,6.071125496461491,25.83310056728945,1.3072124863381447
344.0,22.202045110642885,21.01897479112015,22.973019342727138,24.24064788179831,6.0601619704495775,28.262207081092463,1.2729551237396841
344.1666666666667,21.276146777659257,21.012363535865685,22.985582080115222,24.151798328961206,6.0379495822403015,27.31409635989956,1.2837896187377487
344.3333333333333,21.244516647528823,21.00558836816496,22.946940514878793,24.09890828692548,6.02472707173137,27.269243719260192,1.2835897456124128
344.5,21.685942090018557,20.998796826961737,22.9629685402362,24.04470694531969,6.011176736329922,27.69711882634848,1.2771923263180114
344.6666666666667,20.055824585566036,20.993476959060185,22.920557596902853,23.990374615693895,5.997593653923474,26.05341823948951,1.2990449795936028
344.8333333333333,19.574565006501025,20.984231577103035,22.869828812812838,23.947815672481482,5.986953918120371,25.561518924621396,1.3058537401026284
345.0,20.32906274652761,20.971659235233936,22.844062396229837,23.87385261682428,5.96846315420607,26.29752590073368,1.2935926377238192
345.1666666666667,20.09141106665338,20.95984297562804,22.839455083417487,23.77327388187149,5.943318470467872,26.03472953712125,1.2958138903609546
345.3333333333333,22.787982265541842,20.948018195191406,22.882759107725807,23.67874380502431,5.919685951256078,28.70766821679792,1.2597722730461902
345.5,21.442412520309627,20.944504659560216,22.866278544997577,23.584145561531244,5.896036390382811,27.33844891069244,1.274970756429495
345.6666666666667,20.77387058913986,20.941564751846865,22.835849482926548,23.55603727648173,5.889009319120433,26.662879908260294,1.2834815637197183
345.8333333333333,20.61199379865971,20.93701735347085,22.850375709676605,23.532518014774922,5.8831295036937306,26.49512330235344,1.285422631170997
346.0,19.68182804853082,20.931231023373947,22.79214668723471,23.4961388277668,5.8740347069417,25.55586275547252,1.2984496507365928
346.1666666666667,19.542856463905313,20.92214880480281,22.765102047695606,23.449848186991574,5.862462046747893,25.405318510653206,1.2999797935156292
346.3333333333333,19.516553704311917,20.911094631980678,22.741411535869453,23.377190438422474,5.8442976096056185,25.360851313917536,1.299453361395173
346.5,20.550516179996187,20.899167802236548,22.758903592624737,23.288757055845423,5.822189263961356,26.372705443957543,1.2833110960798473
346.6666666666667,19.523460341600988,20.890139437742533,22.7276662797913,23.19334241789238,5.798335604473095,25.321795946074083,1.2969932329115799
346.8333333333333,19.34610792159583,20.879842589492867,22.708727941916646,23.121115501940267,5.780278875485067,25.126386797080897,1.298782519921364
347.0,17.954771984408353,20.868585145790902,22.64482506440966,23.038740715942936,5.759685178985734,23.714457163394087,1.320788544905352
347.1666666666667,20.769983481620223,20.852944052800893,22.676359501408637,22.94868116632722,5.737170291581805,26.507153773202027,1.2762241143166408
347.3333333333333,19.49396775792413,20.84369635208371,22.665273324473436,22.823552422407147,5.705888105601787,25.199855863525915,1.2927001920007994
347.5,20.102159540777905,20.834333525902142,22.635082232832392,22.74957081666969,5.687392704167422,25.789552244945327,1.2829244635448422
347.6666666666667,19.14946940489042,20.826948462561408,22.63995282567834,22.674668207217138,5.6686670518042845,24.818136456694706,1.2960221472432345
347.8333333333333,20.605715640139046,20.8179782753176,22.67594305978425,22.61558770049126,5.653896925122815,26.25961256526186,1.274384885430005
348.0,21.848441777737207,20.812705682654784,22.70453453119088,22.5438262025408,5.6359565506352,27.484398328372407,1.2579569109765092
348.1666666666667,20.07289310688506,20.813259602500818,22.662236322427812,22.50164546123827,5.625411365309567,25.69830447219463,1.2802491566788663
348.3333333333333,19.10072813273692,20.811664641876693,22.61682746647092,22.50607682000654,5.626519205001635,24.727247337738554,1.2945709276578985
348.5,20.273935032185925,20.80605407636453,22.593900856948895,22.49331713501354,5.623329283753385,25.89726431593931,1.277367431375609
348.6666666666667,18.792084202131093,20.80190261864182,22.575137221321913,22.448432610916228,5.612108152729057,24.40419235486015,1.298642135292935
348.8333333333333,20.304132361147474,20.79423143672483,22.56927135911724,22.41522094913455,5.6038052372836376,25.90793759843111,1.2759933366080038
349.0,16.977779736762578,20.789346425927338,22.552828458962548,22.35385149379863,5.588462873449657,22.566242610212235,1.3291633511623882
349.1666666666667,19.258498978369595,20.776187359742927,22.55611580104925,22.314771407418704,5.578692851854676,24.83719183022427,1.2896743332967149
349.3333333333333,19.140489959158927,20.76566732058043,22.549148544883266,22.209498877943417,5.552374719485854,24.69286467864478,1.2900852972590173
349.5,19.2820639358892,20.756480699903232,22.572039879104782,22.125338564643442,5.531334641160861,24.813398577050062,1.2868642412737534
349.6666666666667,18.638232847100134,20.748661675637482,22.565509013990855,22.051845599225857,5.512961399806464,24.1511942469066,1.295787773713977
349.8333333333333,18.84504021379913,20.739857625686383,22.518946428041637,21.989293405099858,5.497323351274964,24.342363565074095,1.2917119458970214
350.0,18.755854407156885,20.731352861789855,22.469219528003922,21.918861005491067,5.479715251372767,24.235569658529652,1.2921602574011135
350.1666666666667,18.740231039474637,20.722953243259443,22.486841914594745,21.85082289431884,5.46270572357971,24.202936763054346,1.2914961780392678
350.3333333333333,19.046453073618277,20.71477019581141,22.477411908380063,21.783625946075546,5.445906486518886,24.492359560137164,1.2859275932095802
350.5,18.0178524801621,20.707816498018587,22.514530212615337,21.71816156649129,5.429540391622822,23.447392871784924,1.3013422602721838
350.6666666666667,20.442533079713957,20.698636661269575,22.52496827487897,21.6625319841487,5.415632996037175,25.858166075751132,1.2649198597316371
350.8333333333333,20.261343065546132,20.695695358503563,22.507396843592726,21.589093290156598,5.397273322539149,25.65861638808528,1.26638280123281
351.0,19.150416424664385,20.695658798311847,22.497585082687955,21.565562868028508,5.391390717007127,24.541807141671512,1.2815286413335323
351.1666666666667,18.858050919209678,20.693886750715944,22.497665753763563,21.565270386494774,5.3913175966236935,24.24936851583337,1.2858894389309263
351.3333333333333,19.712427020512195,20.690350088163523,22.436845266809684,21.55109400572755,5.387773501431887,25.100200521944082,1.2733186276771258
351.5,18.37274009784987,20.68848931695413,22.40053586872365,21.522800705308185,5.380700176327046,23.753440274176917,1.2928632391069823
351.6666666666667,19.10233664129644,20.683592850231964,22.408066312714467,21.507914535633034,5.376978633908259,24.479315275204698,1.2814827701383935
351.8333333333333,19.965659490982645,20.679347306393087,22.428330318392234,21.46874280185571,5.367185700463928,25.332845191446573,1.2688208572768649
352.0,19.264280314483614,20.678127227381477,22.45439336398272,21.434778451144695,5.358694612786174,24.622974927269787,1.2781673919454601
352.1666666666667,18.29297135641902,20.676484859345997,22.39943118488086,21.425017819051817,5.356254454762954,23.649225811181974,1.292803960078549
352.3333333333333,18.290648066157864,20.671763779678056,22.395732767373993,21.41187887476798,5.352969718691995,23.64361778484986,1.2926615666831558
352.5,19.145076600433033,20.66548773448792,22.422988335832986,21.374110237424446,5.343527559356112,24.488604159789144,1.2791071391814253
352.6666666666667,19.15579428184423,20.661068308846193,22.391722203998903,21.323901875903374,5.3309754689758435,24.486769750820073,1.2782957151522825
352.8333333333333,18.934424125076593,20.657792752409662,22.37360631461942,21.288546470769546,5.3221366176923866,24.25656074276898,1.281082571222422
353.0,18.14637615224378,20.654557016900206,22.38206919848162,21.2623420192773,5.315585504819325,23.461961657063103,1.292928211132781
353.1666666666667,19.369364105181038,20.649076871645146,22.352127318178166,21.23645613520165,5.309114033800412,24.67847813898145,1.2740985199602035
353.3333333333333,18.349293807880702,20.6461580785969,22.349364821275564,21.19261497316117,5.2981537432902925,23.647447551170995,1.2887388364240386
353.5,17.517153683436174,20.641659378721588,22.33450022586803,21.16926462877521,5.292316157193802,22.809469840629976,1.3021219230495247
353.6666666666667,18.131066599382216,20.63394062845857,22.294088216568902,21.133275029772705,5.283318757443176,23.41438535682539,1.2913959158708952
353.8333333333333,16.451095656156827,20.62649816228844,22.27166753416033,21.07152502766857,5.267881256917143,21.71897691307397,1.320214614699273
354.0,18.38043398146917,20.614387846695525,22.26692218206487,21.011985298307508,5.252996324576877,23.633430306046048,1.2857928343733807
354.1666666666667,18.16698038320076,20.60579409947695,22.262330676160342,20.9151027735642,5.22877569339105,23.39575607659181,1.2878175449689022
354.3333333333333,16.69183123724099,20.598676702356777,22.232439590849843,20.84635279581559,5.211588198953898,21.903419436194888,1.312223873155773
354.5,17.701595747657663,20.58814166999301,22.23717483268447,20.789413618854212,5.197353404713553,22.898949152371216,1.293609315160261
354.6666666666667,17.55989411122126,20.57902341134109,22.20318720441683,20.705133359944085,5.176283339986021,22.736177451207283,1.2947787331290472
354.8333333333333,17.842556854046137,20.57047303990201,22.18802612809807,20.632187290728723,5.158046822682181,23.000603676728318,1.289086752805414
355.0,18.138276729060077,20.56328079829938,22.232332385002774,20.56378431921607,5.140946079804017,23.279222808864095,1.2834307887456307
355.1666666666667,18.34990529624472,20.557879307430493,22.21377192905547,20.50624638639505,5.126561596598762,23.476466892843483,1.279378095626897
355.3333333333333,18.377801803137874,20.55420814751428,22.20344197278671,20.463034459443946,5.115758614860987,23.49356041799886,1.2783661870805196
355.5,18.711429757098742,20.551645355684997,22.198316306266413,20.433665180114247,5.108416295028562,23.819846052127303,1.2730104733493457
355.6666666666667,17.356107339617083,20.55073747644839,22.21578914312387,20.413162845479974,5.1032907113699935,22.459398050987076,1.2940342907260785
355.8333333333333,19.141464583639397,20.54671263207205,22.202771680502057,20.40589981158712,5.10147495289678,24.242939536536177,1.2665143479803063
356.0,18.808968334483325,20.54641552978128,22.189227229522924,20.373701056576408,5.093425264144102,23.902393598627427,1.2707976946723918
356.1666666666667,16.90293536473291,20.547150906084212,22.187805349183648,20.371324238250253,5.092831059562563,21.995766424295475,1.3012986176465235
356.3333333333333,17.79115278337857,20.542753539197754,22.175740500450896,20.3772072486737,5.094301812168425,22.885454595546996,1.286339051448526
356.5,17.97302831083735,20.538333522109706,22.190646818787528,20.342028313582034,5.0855070783955085,23.05853538923286,1.2829521542192786
356.6666666666667,17.700721116632224,20.534551086544955,22.175196562545967,20.30666817687765,5.076667044219413,22.777388160851636,1.2868056623664443
356.8333333333333,17.205657429475565,20.53039568283685,22.130018161023706,20.276408692359638,5.0691021730899095,22.274759602565474,1.29461833666442
357.0,17.401450609774308,20.5246673248984,22.135559863785723,20.243165462694805,5.060791365673701,22.46224197544801,1.290825832809081
357.1666666666667,16.482080973475846,20.518812192094053,22.159339935399068,20.19733859918719,5.049334649796798,21.531415623272643,1.3063529816363937
357.3333333333333,16.396863097208588,20.510296085759023,22.0834817281218,20.150497536752425,5.037624384188106,21.434487481396694,1.307230984019481
357.5,17.70950646999755,20.500297262780617,22.07770811392529,20.082368686072186,5.020592171518047,22.730098641515596,1.283497012185159
357.6666666666667,17.13802982142972,20.493649250278175,22.074060856224246,20.002378102244933,5.000594525561233,22.13862434699095,1.2917835117376442
357.8333333333333,16.796353966010287,20.48727468014779,22.06654881607543,19.949194002225397,4.987298500556349,21.783652466566636,1.2969274469119207
358.0,16.730947295911164,20.48018752514515,22.063377854596602,19.898197441182333,4.974549360295583,21.705496656206748,1.2973262226168927
358.1666666666667,16.334573637879043,20.472694587243318,22.067300426254924,19.84150020116121,4.960375050290303,21.294948688169345,1.3036733716016589
358.3333333333333,17.61818720982065,20.463986628225904,22.11185047687472,19.78155669794654,4.945389174486635,22.563576384307286,1.2806979580583637
358.5,18.844258374912116,20.458656069206246,22.15422943843222,19.71189302580723,4.927973256451807,23.772231631363923,1.261510596936654
358.6666666666667,16.095476265145017,20.458930820057407,22.063257854547256,19.669248553649965,4.917312138412491,21.012788403557508,1.3055089552746568
358.8333333333333,17.9875412671485,20.45404746218313,22.02931366431023,19.67144656045926,4.917861640114815,22.905402907263316,1.2734037724820422
359.0,17.114289490360235,20.452127319070538,22.00590823148811,19.63237969746504,4.90809492436626,22.022384414726496,1.2867834464954437
359.1666666666667,16.66535491410761,20.449256905733577,22.000425451974227,19.617018552564303,4.904254638141076,21.569609552248686,1.2942784395182314
359.3333333333333,18.0231021634363,20.44460725805445,22.00047210780005,19.594055245868617,4.898513811467154,22.921615974903453,1.2717908253000325
359.5,15.76659638824207,20.443151056465037,21.987107647841,19.556858064435602,4.8892145161089005,20.65581090435097,1.3100995545084817
359.6666666666667,17.06628448935569,20.436740800404824,21.98122859140566,19.5452084517203,4.886302112930075,21.952586602285766,1.2863131758982267
359.8333333333333,16.94323343656993,20.431678509885423,21.99760307280205,19.49392640323859,4.873481600809647,21.816715037379577,1.2876358647276158
